phase,flux,model
-0.2497362403841177,-5.3244039008859545e-05,0.0
-0.24936221524043808,0.00020191774819977582,0.0
-0.2488706870042466,-0.00012515632261056453,0.0
-0.2482654813576251,-0.00010539015784161165,0.0
-0.24770506207943466,-0.00036565179470926523,0.0
-0.2472931109069969,-0.00020451724140002625,0.0
-0.24669223432167847,-0.00021835473671671934,0.0
-0.2460600763133229,-0.0002888213493861258,0.0
-0.24551518987967502,-0.00027978059370070696,0.0
-0.24536518287173154,-0.00024461152497678995,0.0
-0.2447181967497432,-0.00021080215083202347,0.0
-0.2444168451833539,-2.8742846552631818e-05,0.0
-0.24385127705484289,0.00016500060155522078,0.0
-0.24317510932028338,5.5831592362665106e-06,0.0
-0.2427698602826205,4.744708888893001e-06,0.0
-0.24239607963741977,6.456762639572844e-05,0.0
-0.24163905481765813,-0.0003508441732265055,0.0
-0.2408532223241754,0.00010168715743930079,0.0
-0.24028904208408877,-0.00016516754249096266,0.0
-0.23994876492163056,-0.0001783373299986124,0.0
-0.23942333769045127,-0.00013098720228299499,0.0
-0.23865313152622364,-3.7896847061347216e-05,0.0
-0.23809719232310264,5.562977457884699e-05,0.0
-0.2377091876193347,-0.00014556193491443992,0.0
-0.2372043126426474,-0.00010829730308614671,0.0
-0.23658555890384153,4.278425330994651e-05,0.0
-0.23614924417709351,0.00013913034854340367,0.0
-0.23584652629567504,0.0003787484747590497,0.0
-0.23546595722211866,-0.00017815858882386237,0.0
-0.23498137561918095,-0.00030337576754391193,0.0
-0.23438242625716688,0.00019810372032225132,0.0
-0.2337345340525802,-4.553447070065886e-06,0.0
-0.2332192606994075,-1.4785606254008599e-05,0.0
-0.2328114372365843,7.045256643323228e-05,0.0
-0.23217591377857785,2.5140516868304985e-07,0.0
-0.2315020472061728,-0.00010965777619276196,0.0
-0.23129393585382932,0.00014144812303129584,0.0
-0.23069678427474838,-9.648649211158045e-06,0.0
-0.22996599270354753,0.0004023727378807962,0.0
-0.22924413251795864,-0.00011794187958003022,0.0
-0.2286186766443779,-5.178444553166628e-06,0.0
-0.22775282123697405,-0.0002357872435823083,0.0
-0.2271017361698981,-1.4174952411849517e-05,0.0
-0.22682387083974773,0.00022073178843129426,0.0
-0.22625560603683692,-0.00018624631775310263,0.0
-0.22553576655926494,-0.0001284802274312824,0.0
-0.22475467302159402,7.827741160326696e-05,0.0
-0.22418064093103363,-0.0004554775296128355,0.0
-0.2238139219771944,-3.0135586257529212e-06,0.0
-0.22331559093038383,-0.00037055512075312436,0.0
-0.22270325168108351,-0.00015267437265720218,0.0
-0.22217181266377573,3.1920269975671545e-05,0.0
-0.22174953502616987,0.00015364554201369174,0.0
-0.22112822124446718,-0.00010110802759299986,0.0
-0.22049902598238547,-0.0004498054913710803,0.0
-0.2197977755803424,0.00012056266859872267,0.0
-0.21915870689439176,-0.00012444313597370638,0.0
-0.21886417971201677,-0.0001371340622426942,0.0
-0.21829139168724615,-0.0002476652734912932,0.0
-0.21760879508091763,1.8439906170897302e-06,0.0
-0.2172288012978999,-0.0001375495266984217,0.0
-0.2167285789834436,-1.50027044583112e-05,0.0
-0.21608033441340208,2.6713476472650655e-05,0.0
-0.21532716404024915,-0.0002836505136656342,0.0
-0.21473169518599367,6.0966187447775155e-05,0.0
-0.2143983862301844,0.00010644173016771674,0.0
-0.21386601236575137,2.9083586923661642e-05,0.0
-0.21310695964684112,-2.9079715204716194e-05,0.0
-0.21269339766089523,0.00024907848273869604,0.0
-0.2123157769513493,0.00034489764948375523,0.0
-0.21164800845865353,-0.0003189638664480299,0.0
-0.21102258134959975,0.0009625414968468249,0.0
-0.21061877053828337,8.640961914352374e-05,0.0
-0.21029147336860265,2.6023849386547226e-06,0.0
-0.20991806666225202,-1.697694096947089e-05,0.0
-0.20942646651474323,2.2056137822801247e-05,0.0
-0.20882059928400232,-0.00026310599059797823,0.0
-0.20818414817000236,0.00010049315278592985,0.0
-0.20767243442703726,-0.00028233262128196657,0.0
-0.2072475751731394,5.332215096132131e-05,0.0
-0.20661525176875398,-0.0001863558281911537,0.0
-0.20607176041466224,-0.0006177659961394966,0.0
-0.20592030079810872,-0.0002463162236381322,0.0
-0.2052735160278089,0.0001480080682085827,0.0
-0.20497269660516787,3.621502764872275e-05,0.0
-0.20440649565706434,2.7458559088699985e-06,0.0
-0.20370331803171693,-9.101282557821833e-06,0.0
-0.20317012437826637,5.4259071475826204e-05,0.0
-0.2029510249766354,-0.0002848852309398353,0.0
-0.20219450353609503,0.0001973756734514609,0.0
-0.2015370615085674,-0.0001045145108946599,0.0
-0.20137858334744282,0.00016556559421587735,0.0
-0.2007752473950718,-2.17443175642984e-05,0.0
-0.19997864258625353,-0.00011551716306712478,0.0
-0.19920906924161838,-5.5762209740350954e-05,0.0
-0.19865310127397046,-0.00014232318790163845,0.0
-0.19826501027662172,-9.562364721205086e-05,0.0
-0.19775967506750353,-2.3549637262476608e-05,0.0
-0.19714084941738033,-4.230621925671585e-05,0.0
-0.19670569246284125,0.00017451831354264868,0.0
-0.19638905974152007,0.00014243405894376338,0.0
-0.1955369681602525,0.00015612597053404897,0.0
-0.19493796126918456,-0.000338373938575387,0.0
-0.1942903063719451,0.0001970481753232889,0.0
-0.19377496829858676,-2.0667173885158263e-05,0.0
-0.19336650482503936,-0.0002130207431036979,0.0
-0.19273149193738595,4.113869181310292e-06,0.0
-0.19205854582984266,-0.0003429301141295582,0.0
-0.19168740432998782,-0.00014885246400808683,0.0
-0.19116627020445295,0.00015929356595734134,0.0
-0.19052161400914602,-3.658311834442429e-05,0.0
-0.18980071743520932,-1.787614201020915e-05,0.0
-0.1890778648734413,-0.00014569026825483888,0.0
-0.18830828433767444,-0.000408277555834502,0.0
-0.18765695477211958,-0.00014560694398824126,0.0
-0.18729665030778586,-9.791518823476508e-05,0.0
-0.18675571180545922,0.00015200902271317318,0.0
-0.1860914741584442,1.0156074495171197e-05,0.0
-0.18516183341257156,9.677655907580629e-05,0.0
-0.1847362047075783,0.00014761042166355764,0.0
-0.18436957204731982,-8.091080962913111e-05,0.0
-0.18387115470692847,0.00021009959164075553,0.0
-0.18325875792857427,-0.0001717662817100063,0.0
-0.18263356812686768,-0.00011556394929357339,0.0
-0.1821251766867631,0.00011221194290556014,0.0
-0.18168354771366463,-0.00011353446825523861,0.0
-0.18105456099440317,-5.1313174481038004e-05,0.0
-0.18054679518275935,-0.00011215639824513346,0.0
-0.18035289350671962,-9.051842789631337e-05,0.0
-0.17971410527490653,0.00010932849181699567,0.0
-0.17941964281271716,0.0003816219395957887,0.0
-0.1788469842283177,0.00020719472377095371,0.0
-0.17816414312351028,0.0001572571782162413,0.0
-0.17778510576101297,-0.00022143595742818434,0.0
-0.17728379039453335,0.00011580353748286143,0.0
-0.17663597010126403,0.0001959373039426282,0.0
-0.17597182593896155,-0.00025850822567008436,0.0
-0.1758493465832907,-4.5512471842812374e-05,0.0
-0.17528728053593348,-9.216830130753806e-05,0.0
-0.17495395000672903,8.270262333098799e-05,0.0
-0.17442150423097869,-0.00018816579540725797,0.0
-0.1736629764646849,3.899952571373433e-05,0.0
-0.17311126564702273,-0.00018014862143900245,0.0
-0.17271566710814507,3.206075052730739e-05,0.0
-0.17220354347067124,0.0002278246101923287,0.0
-0.17157785748087506,9.07451321836561e-05,0.0
-0.1711752979264802,-2.9758961744619228e-05,0.0
-0.17084580027048926,7.74792570155114e-05,0.0
-0.16998204467355132,1.7037154975696467e-05,0.0
-0.16937610553149307,9.648715058574453e-05,0.0
-0.168740006782948,-8.076125823208713e-05,0.0
-0.1682283289956416,-0.0002212383842561394,0.0
-0.16780292321573204,-0.00013600529928226024,0.0
-0.16717080116303515,6.362952990457416e-05,0.0
-0.16652709419711692,7.48438251321204e-05,0.0
-0.16614558308530356,-0.0003254069742979482,0.0
-0.16560360186887568,-0.00026512301883485634,0.0
-0.1649621025803994,-0.00040729984175413847,0.0
-0.16425916945353086,6.985809847037672e-06,0.0
-0.16361603777815126,-0.00019536699255695567,0.0
-0.16274995225453195,3.336931513331365e-06,0.0
-0.16204509190435906,0.0003098635424976237,0.0
-0.16176069702659546,0.0002971846261061728,0.0
-0.16119526552958732,-5.122131733514834e-05,0.0
-0.16053433580316936,-0.00045716058230027556,0.0
-0.15963396296344867,2.740544186963234e-05,0.0
-0.15918046143185954,-0.00011586781511141453,0.0
-0.15882083293390872,9.262767707696185e-05,0.0
-0.1583152244617847,0.0001998766529140994,0.0
-0.15769613993091913,0.0002776366309262812,0.0
-0.15719494681367896,0.00013517381739802659,0.0
-0.15676163797999518,0.00015419227747770492,0.0
-0.1560925607013241,-0.0003769037430174649,0.0
-0.15549309357782523,5.810288348584436e-05,0.0
-0.15502125466031783,-0.00013787088391836733,0.0
-0.15478529924590545,-0.00013485962699633092,0.0
-0.15415412642259727,-0.0002518393230275251,0.0
-0.15386634452178755,-0.0002641095779836178,0.0
-0.15328668177508048,-0.00022486093803308904,0.0
-0.1526148574840875,-2.2880656615598127e-05,0.0
-0.1522435074414124,-0.00012305677046242636,0.0
-0.15172147442441097,0.00012668294948525727,0.0
-0.15107684699363094,0.00036892539355903864,0.0
-0.1503573958371725,-7.140539310057648e-05,0.0
-0.14972944464088056,0.00014569408813258633,0.0
-0.14886356046894975,0.00020821856742259115,0.0
-0.14811649536663785,2.506207601982169e-05,0.0
-0.14756862461332093,-0.0001625398435862735,0.0
-0.14716628079287802,-0.0004556307685561478,0.0
-0.1466468078187734,-8.459688979201019e-05,0.0
-0.14601467857494477,0.00013996445341035724,0.0
-0.14564440001089785,0.0001605661163921468,0.0
-0.14529167499941037,7.411050137307029e-05,0.0
-0.14492539470460683,-4.6012366510694847e-05,0.0
-0.1444265171317846,-0.00028636553906835616,0.0
-0.14381387585495148,1.7486921933596022e-05,0.0
-0.1431892181969931,-0.00010545693203312112,0.0
-0.14268125822479247,2.2818485376774333e-05,0.0
-0.14223867283117358,0.00012973857883480377,0.0
-0.14160972206757078,-0.0004080912913195789,0.0
-0.14104928840711686,-0.00031582625160808675,0.0
-0.14084060895536651,0.00010041013683803612,0.0
-0.14010559618983856,2.4417543045274215e-06,0.0
-0.1394021884482757,-3.6111814551986754e-05,0.0
-0.13871086180802372,5.842115729137731e-05,0.0
-0.1381815657479723,1.1064375939895399e-05,0.0
-0.13783900899675483,0.00012013481318717822,0.0
-0.13719121746801244,-0.00029383477522060275,0.0
-0.13650120680486755,0.00014885216660331935,0.0
-0.13631501402204524,-0.00012567270459840074,0.0
-0.13575936246419357,-0.00013023089559283108,0.0
-0.13497679474451746,2.8153865059721284e-05,0.0
-0.13421889979781615,-6.614017365791369e-05,0.0
-0.1336671458333636,-8.204704045056133e-07,0.0
-0.13327166235259366,-2.769547609204892e-05,0.0
-0.13275887713100043,0.00016222792328335345,0.0
-0.13213333496383892,-0.00046285876305773854,0.0
-0.13173192599052128,-0.0001990150385609013,0.0
-0.13140103325497418,-0.00020709491218440235,0.0
-0.13053743586293437,-2.6628658815752715e-05,0.0
-0.12971356947371757,8.161638288584072e-05,0.0
-0.1292173310462412,4.262725997250527e-05,0.0
-0.12878422356424593,-0.00017206459597218782,0.0
-0.12835797642192365,-9.617368050385267e-05,0.0
-0.12772617797015473,-8.921272092266008e-05,0.0
-0.1270835928207868,-9.019180288305506e-05,0.0
-0.1267015711386204,-6.399751055141678e-05,0.0
-0.12615869103072597,-0.0002553193444327917,0.0
-0.1255175081520459,-0.00036422445555217564,0.0
-0.12481511436005735,2.4058454300757148e-05,0.0
-0.12417150806998337,-4.077542689628899e-05,0.0
-0.12330541535523232,0.0001580769894644618,0.0
-0.12255474749592235,-4.149810774833895e-05,0.0
-0.12217127320514598,0.00012362634151941165,0.0
-0.12175073582141945,-0.00025197564536938444,0.0
-0.12108984205066013,1.7975731680053286e-05,0.0
-0.12045109696563744,-4.525236363406293e-05,0.0
-0.12011348411748618,0.000500098816701211,0.0
-0.11973610790641911,7.305348481168039e-05,0.0
-0.11937664120893227,0.00032590897171758115,0.0
-0.11887096082549091,-0.00027006721938960254,0.0
-0.11825143044445792,3.860809556499589e-07,0.0
-0.11763823185491554,7.89673904364463e-05,0.0
-0.11713355463435088,3.667668715934269e-05,0.0
-0.11664816043352738,-0.00010136879427591339,0.0
-0.11604843442928617,-3.493540862109512e-05,0.0
-0.11552075637387457,-6.950810711714439e-05,0.0
-0.11528715245953877,-9.262790740649507e-06,0.0
-0.11470952120754618,0.00011230916788917966,0.0
-0.11442218156133802,8.979868289316073e-05,0.0
-0.11384205858220006,-0.00036585552152246237,0.0
-0.11316196448971452,-0.00013469043960867566,0.0
-0.11263656602306217,0.00016628217417746782,0.0
-0.11227677572464737,-0.00017246459174202755,0.0
-0.11163227413867267,-0.00026299554156139493,0.0
-0.11095684349511577,-3.700965754660501e-05,0.0
-0.11078206303835322,-7.377911970252171e-05,0.0
-0.11028511268883531,-0.000226804637350142,0.0
-0.1094190379519136,-0.00024815264623612165,0.0
-0.10863413311442438,2.5814637410803698e-05,0.0
-0.10812467738682337,0.0002833152248058468,0.0
-0.10772186614281785,-2.28531462198589e-05,0.0
-0.10720231406626418,-0.00028734776424244046,0.0
-0.1065699331328249,5.0290487706661224e-05,0.0
-0.10620111077295386,2.3241882445290685e-05,0.0
-0.10583147581519702,-1.5258417079166975e-05,0.0
-0.10498208090832922,7.856003503547981e-05,0.0
-0.10416927807528312,2.920551924034953e-05,0.0
-0.10364882351169698,-7.053330773487687e-05,0.0
-0.10323713122000162,5.517021781997755e-05,0.0
-0.10279400289593689,-0.00012130246614106,0.0
-0.10216507011016343,0.00027919039712287486,0.0
-0.10155189668958212,-0.0003825985186267644,0.0
-0.10115920696349033,-0.00017855090118246153,0.0
-0.10059591123260682,-2.8297523385845125e-05,0.0
-0.09995757963765876,-0.0001390897377859801,0.0
-0.09926659457616409,3.360365371918306e-05,0.0
-0.0986130896932601,0.00013894716175855137,0.0
-0.09774685315587439,-0.00025364107568748295,0.0
-0.09703201151485659,-0.00013414156273938715,0.0
-0.09663151221970312,-0.00019655101732496405,0.0
-0.09618988684217053,-0.00010737668208093964,0.0
-0.09553228660974478,-0.00046721583930775523,0.0
-0.09466250484441487,0.00021840423869434744,0.0
-0.09417985765591325,8.02876274974551e-05,0.0
-0.09382745624535374,-0.0002358366473345086,0.0
-0.09331460630357491,-8.089234324870631e-05,0.0
-0.09268840974342574,-0.0007555925403721631,0.0
-0.0920890900381274,0.00011156541222590022,0.0
-0.09158562092769384,2.2577785784960724e-05,0.0
-0.09109320818229925,0.0001616064691916108,0.0
-0.09048655711819947,0.0001251723151654005,0.0
-0.09005221995267794,6.125083746155724e-05,0.0
-0.0897722260475347,-0.00021261644724290818,0.0
-0.08914924392327002,0.00026447584241395816,0.0
-0.08886825764194767,5.836004129378125e-05,0.0
-0.08828153320387912,-1.0096734513354022e-05,0.0
-0.0876400770621932,0.00011603136226767674,0.0
-0.08742415614078805,0.00012512246030382812,0.0
-0.08671416491812393,-0.0002461214899085462,0.0
-0.08607272675426736,-9.63545244303532e-05,0.0
-0.08537077162131451,-9.882202357403003e-05,0.0
-0.08472687409040536,-0.00021433390793390572,0.0
-0.08386087126480096,0.00010950147407129407,0.0
-0.08311157691165194,5.57687490072567e-05,0.0
-0.08258158331182242,-5.4646949138259515e-05,0.0
-0.08217184700795835,0.00023772344866301864,0.0
-0.08164515413759411,0.00011848937720060349,0.0
-0.08100615736296078,-0.0003485624329186976,0.0
-0.08066978858059928,-0.00023523529671365395,0.0
-0.08026156600996492,0.0002989519271068275,0.0
-0.0794263160592153,-0.0001437903119949624,0.0
-0.0786245983557351,6.543335621245205e-05,0.0
-0.07808014338999118,0.0001358592853648588,0.0
-0.07768942043842829,0.00011428121797507629,0.0
-0.07720375297459894,-0.0001250150235136971,0.0
-0.07660357392905857,-7.397643639706075e-05,0.0
-0.07607715072613433,-0.0001258585907635279,0.0
-0.07579010591632719,-9.648432751419023e-05,0.0
-0.0750322756898115,0.0001242002472281456,0.0
-0.07439744258045138,0.00012982332555111498,0.0
-0.07371778355143566,-3.075171116506681e-05,0.0
-0.07319233834242705,-0.0001993848563870415,0.0
-0.07283207342931788,0.00016547694758628495,0.0
-0.0721875071231576,-3.678772372950334e-06,0.0
-0.07150871462551567,-6.608063267776743e-05,0.0
-0.07109122628164377,-0.0005442299006972462,0.0
-0.07074271527335166,-0.0001620623515918851,0.0
-0.06997450824374571,-0.0002726135717239231,0.0
-0.06916239935491181,-9.500993473920971e-05,0.0
-0.06862331616457219,-9.2632784799207e-05,0.0
-0.0682776528444462,-0.0005541996797546744,0.0
-0.0677580288565752,-6.0944210417801514e-05,0.0
-0.06712519488183677,-0.00013836214202456176,0.0
-0.06675761658775546,-0.00037930610415060073,0.0
-0.0663865002568617,-0.00017278510495088995,0.0
-0.06553764468487384,-3.166456372127868e-05,0.0
-0.06472537399557596,-6.359293547575362e-05,0.0
-0.06420389110015207,-2.3790813429513946e-05,0.0
-0.06379281724578571,-0.0001666657190071419,0.0
-0.06334913880014342,-0.00028146099066361785,0.0
-0.06272041815275609,0.00026002974482253194,0.0
-0.06216268476226779,-0.00015150392573559657,0.0
-0.061715266928124526,-0.00010019546607509255,0.0
-0.06115098601219363,-0.0004803571500815451,0.0
-0.05982252689821002,-0.00017241260684386361,0.0
-0.059168538411697,-0.0002605639456305653,0.0
-0.05885571339462826,-0.00013743439922109246,0.0
-0.058302294683179566,-8.293874884657271e-07,0.0
-0.05758883373945444,-0.0005465387948788702,0.0
-0.05718757937546905,-0.0004657884273910895,0.0
-0.056869084151029085,-0.00034277563099749386,0.0
-0.05608796184883126,-0.0006682490347884595,0.0
-0.055442374401964936,-0.00037444010376930237,0.0
-0.05513824526094392,-0.0002934288713731803,0.0
-0.05473548974820934,-0.0004148773441556841,0.0
-0.054383063168688774,-0.0005080855917185545,0.0
-0.05387013412446088,-0.0005893940106034279,0.0
-0.053243689470266926,-0.0008600646397098899,0.0
-0.0526454430413797,-0.0007559398363810033,0.0
-0.052141274593385134,-0.00037009845254942775,0.0
-0.05164878634110735,-0.00047022412763908505,0.0
-0.05104207055682198,-0.0004977002972736955,0.0
-0.050548003851128884,-0.0006232609594007954,0.0
-0.050288923554847174,-0.00038533040788024664,0.0
-0.049513415728749635,-0.0001875576563179493,0.0
-0.048836899224301095,-0.0006031117518432438,0.0
-0.04816857881224487,-0.0004888650437351316,0.0
-0.047647090523472165,-0.0007439726032316685,0.0
-0.04726945183609686,-0.0006511896644951776,0.0
-0.046628330082036526,-0.0005660613533109426,-4.1630205388831776e-05
-0.04596817160449688,-0.0008613667450845242,-0.00017733486520365993
-0.04580471178686449,-0.0007896432070992887,-0.00022034206159826653
-0.04528243427138413,-0.0009941966272890568,-0.0003718590217007822
-0.04441632357880374,-0.0006028672214597464,-0.0006451199872578028
-0.0436686004879383,-0.0007885287050157785,-0.0008402740684826382
-0.043066478039047174,-0.0008012562757357955,-0.0009139045295514236
-0.04272741797563471,-0.0005972956423647702,-0.0009483206901210739
-0.042200843758944076,-0.0008720668847672641,-0.0009954387390653796
-0.04122628181092036,-0.0010855344589799643,-0.0010689720225837696
-0.04081657247380028,-0.0011578387347981334,-0.0010960867470796165
-0.0399818618579306,-0.0004187250160612166,-0.001145981923849404
-0.03918076978291115,-0.0009295959316659719,-0.001188401613638146
-0.03863500603119189,-0.0007454284932464361,-0.00121502778677951
-0.038245473211930746,-0.001078329747542739,-0.0012329022331651895
-0.03775934551567051,-0.0008278420427814126,-0.0012541023062249135
-0.037159101749944544,-0.0008890214958228171,-0.0012787477300620909
-0.036576059171323116,-0.0010414622956886888,-0.0013012322824730305
-0.036172458700609936,-0.0010803847690112889,-0.0013159809152935575
-0.03558762553018708,-0.0009705330594442785,-0.0013364659592043915
-0.034952819387570964,-0.0008560360874980688,-0.0013574098368712706
-0.03427350553287842,-0.0011839994695037603,-0.0013785138985814571
-0.03360981620965803,-0.000993294466752559,-0.0013979249572548813
-0.03330359804486867,-0.0010377264115959406,-0.0014065486647755199
-0.032743121237624365,-0.00161552126519382,-0.0014217290142889416
-0.032065515276718325,-0.001201281906105578,-0.0014391720673935238
-0.03164737253985876,-0.001384108851198107,-0.0014494482323937352
-0.031297466452010494,-0.0011722418712452054,-0.0014578302849971303
-0.030529974940011948,-0.001371852122247219,-0.0014753870718783313
-0.029719215287269393,-0.0010595694184303284,-0.0014928457964615283
-0.029178834996543498,-0.0012388083268888295,-0.0015039032338199365
-0.028833434152725754,-0.0015061229933053255,-0.00151074557512898
-0.028313348134640922,-0.0009915310656651855,-0.0015207221390324266
-0.027680456630848626,-0.001325659453868866,-0.0015323629331487343
-0.027107542761272668,-0.0011591576621867716,-0.0015424401039615399
-0.026592895036560666,-0.0013670389307662845,-0.00155116601346994
-0.026093206663635553,-0.0007512418669648468,-0.0015593271184292101
-0.025479786946792395,-0.0013965378748252988,-0.0015689579062503345
-0.025018355394685086,-0.0016850935062393546,-0.0015759298734838167
-0.02471036641370656,-0.0015880182618275285,-0.0015804622942870994
-0.024144049508603858,-0.0012357213126961142,-0.0015885194837055305
-0.02386952176246891,-0.0016520260833203793,-0.0015923415791798678
-0.023275769790914606,-0.0009763636044226587,-0.0016003165251454732
-0.02261888417720479,-0.0015952506801113486,-0.0016087586259982412
-0.022101028308848553,-0.0014810035936534405,-0.0016151452282383572
-0.021706255851228692,-0.001375972235109657,-0.0016198567066763592
-0.02106836740977366,-0.0016629520105198026,-0.0016272003618601483
-0.020461340609040847,-0.0015500154113397002,-0.001633883390657287
-0.020371794838922704,-0.0014285807264968753,-0.0016348448378569191
-0.019598480308003628,-0.0012019287096336484,-0.0016428942180344297
-0.018857540252145033,-0.0015790052711963654,-0.0016501928807380883
-0.01814565057070349,-0.0014772233553230762,-0.0016568393282125893
-0.01759427054510101,-0.00167086161673069,-0.0016617492962631708
-0.016643252362370055,-0.0015485140029340982,-0.0016697480210210447
-0.015997413225893087,-0.0014042712282389402,-0.0016748524580858515
-0.015694627028723148,-0.0017018637154251337,-0.001677155044480072
-0.015246297718632765,-0.0014934062492102385,-0.0016804677768162968
-0.01442547317813887,-0.0012637980980798602,-0.0016862221413822542
-0.013635674326059846,-0.001563255034852773,-0.0016913873586513195
-0.013072785343564961,-0.0017656800337135792,-0.0016948695679013248
-0.012697314782407057,-0.0015715754125267267,-0.001697091635189274
-0.01220416854157574,-0.0016338459681719542,-0.0016998957228879785
-0.011597196573222389,-0.0016621926333755255,-0.0017031718359084014
-0.011104477755283431,-0.0015384139260277152,-0.0017056907435444302
-0.010806524448083579,-0.0015065339393913746,-0.0017071557234789037
-0.01002369739821938,-0.0016981089138425887,-0.0017107907088667051
-0.009392070185274834,-0.0012539306189864874,-0.001713505419264294
-0.008724381244473882,-0.001464810804463923,-0.0017161658696472348
-0.00820284126944185,-0.0020033265464007854,-0.0017180976170521056
-0.007824638977116999,-0.0015974826528690755,-0.001719417624033548
-0.007183738350357442,-0.0015816602390259504,-0.0017215072319661795
-0.006506092838226875,-0.0016641841502860188,-0.0017235117818374945
-0.00610664232469205,-0.0015711580635979772,-0.0017245910649639762
-0.005725698188671251,-0.0018135517602786422,-0.0017255647046837685
-0.004971776791697986,-0.001818579388782382,-0.0017272916119662751
-0.0042252397881227055,-0.0015879303682595491,-0.0017287563328574063
-0.0036218875433438524,-0.0016913358122110367,-0.0017297623967058584
-0.002756344388363182,-0.0013931866269558668,-0.0017309350038119398
-0.00211683906588263,-0.0014841960510239005,-0.0017315950095314614
-0.001705271607739689,-0.0017041186802089214,-0.0017319278344002376
-0.001207836418637001,-0.001619088463485241,-0.0017322286068365278
-0.0005374083869952181,-0.0013243359280750155,-0.001732481785761908
8.269675788217078e-05,-0.0012826983584091067,-0.0017325416375978397
0.0005794072929884112,-0.0015984511701390147,-0.0017324718551394724
0.0008300522232055442,-0.0015892829978838563,-0.0017323971049277853
0.001198855369271496,-0.0017129996558651328,-0.0017322388604912309
0.001685061044366453,-0.0017735714791342616,-0.0017319423277003532
0.0022855641402805354,-0.0014811733271926641,-0.0017314377788484325
0.0029308147275697574,-0.0018234785529784858,-0.0017307238083852927
0.0034456561633928063,-0.0017232729587703943,-0.0017300280779145583
0.0038573122747066393,-0.0015080710873007774,-0.0017293885805077513
0.004491803805309454,-0.0017093131318688393,-0.001728261177543322
0.005062924386409579,-0.0016726091271266341,-0.0017270961149365993
0.005182034247417927,-0.0017126653110608459,-0.0017268351523923586
0.005834845410832585,-0.0016482300707139075,-0.0017252896023334796
0.006140713232672841,-0.0018828784814104438,-0.001724506792536551
0.00670145521289979,-0.0019432493718340993,-0.0017229551744063487
0.0073774894620765065,-0.0017065986758098006,-0.001720895757255314
0.007796482550263462,-0.0015564985806122422,-0.0017195091803907103
0.00814739584600003,-0.001682886155322194,-0.0017182954749619395
0.008914554768155942,-0.0015639972407370806,-0.0017154298594006523
0.009566958509013372,-0.0017941603437066078,-0.0017127732407224983
0.009752800724163697,-0.0014951118500903249,-0.0017119790038125915
0.010265644373702264,-0.001619146903976798,-0.001709699104922302
0.010610782741211765,-0.0017927468288689852,-0.0017080932733560816
0.01113113662895364,-0.0014342613285407424,-0.001705558514029204
0.011909622482479974,-0.0014383294619619846,-0.0017015039569820978
0.012468476790627096,-0.0015825829468667507,-0.0016984088688195564
0.012851274216129124,-0.0018656457541510463,-0.001696189669944781
0.01396490995518828,-0.001864200341515243,-0.0016892811530491159
0.01442499406898718,-0.0015303929685615003,-0.0016862241980925008
0.014733481035838195,-0.0015512199606746435,-0.001684108785054761
0.015540311633980314,-0.001494883792474866,-0.0016783098341354163
0.016168882166492742,-0.0017128080362454057,-0.0016735224914322666
0.016871585177145796,-0.0015607416862621903,-0.0016678807233597714
0.017343044762454313,-0.0008950767223723233,-0.001663919334353614
0.01773837812834932,-0.00132046511862427,-0.001660484344240598
0.018376239603060358,-0.001691462704911828,-0.0016547248942695436
0.019060315784742862,-0.0011178747517988086,-0.0016482346956396832
0.01943451711114995,-0.0015173414722085,-0.001644534271325826
0.019939644676339366,-0.0010703761945478618,-0.0016393952911499254
0.020586829453341806,-0.0016973867313936353,-0.0016325255689162432
0.021367831304083106,-0.0011918926611542702,-0.001623795088736002
0.021935351824859565,-0.0011530646006576717,-0.0016171361960911623
0.02280126296353437,-0.0011518680257722735,-0.001606454477632635
0.023447357385187845,-0.0009011846850626171,-0.001598045987417529
0.02374879794183231,-0.0013424641219899058,-0.0015939870206591045
0.0241985124436727,-0.0011210094671696424,-0.0015877771946811725
0.025018804840418376,-0.0007911721477285028,-0.001575925365240094
0.02580836054235569,-0.0008828896097838879,-0.001563836593096779
0.026371093567181123,-0.0008899163804017007,-0.0015548244004759404
0.0267468391891278,-0.0010867564706131816,-0.0015485926321601173
0.027240255097399094,-0.0010913272853940725,-0.0015401509460786222
0.027847485047603353,-0.001212356612086296,-0.0015293425103878322
0.028400037227678258,-0.0010756916599348187,-0.0015190855052885643
0.02881465361331442,-0.0010307501361239702,-0.0015110898414025797
0.029420964896439833,-0.0011662426695693284,-0.001499003969335333
0.030052374128203732,-0.0010625054128468037,-0.0014858015191294704
0.030587770065747418,-0.0009714171756058931,-0.0014741008715440929
0.03074917142192133,-0.001109426375478506,-0.001470478602090819
0.031393960653165326,-0.0012035350082442164,-0.001455526107317917
0.03169344971643584,-0.0013605895219370723,-0.001448352509175188
0.03226104574409549,-0.0009712352766655385,-0.001434236699879854
0.032938939350270834,-0.001048550708219409,-0.0014165055252516323
0.033337229170199434,-0.0008176512201316655,-0.001405586190187269
0.033719367708256454,-0.0009394321823492646,-0.0013948166410481244
0.034472768197624834,-0.0002868771553039551,-0.0013724557929467585
0.035217927650027576,-0.0007966352859511971,-0.0013488149943593486
0.03582260654624968,-0.0007671157945878804,-0.0013283889274045002
0.03616085401177634,-0.0011573806405067444,-0.0013164512206853551
0.03668834869332876,-0.0008620444568805397,-0.0012970062092055867
0.0374555040199188,-0.0004945773398503661,-0.0012667421662087563
0.03787436407216871,-0.0005015954666305333,-0.0012491468312850196
0.038400096926446615,-0.0005385248805396259,-0.0012259058956793911
0.03890704654463879,-0.0003431921359151602,-0.001202035560194381
0.0395276016619437,-9.786392183741555e-05,-0.001170663626021362
0.039955260063868514,-0.00039687844400759786,-0.00114745272583483
0.040264502099551465,-0.000558113883016631,-0.0011297953485943646
0.04064299293603709,-0.0004599187814164907,-0.0011070057256271637
0.041129469402186355,-0.0007039508782327175,-0.0010755831760257406
0.04173042508995386,-0.0005049147875979543,-0.0010327872233679702
0.042375235894593064,-0.0006769090250600129,-0.0009804916849849854
0.04288955282724535,-0.00040149837150238454,-0.0009323708296502531
0.04330186355626973,-0.0006734989437973127,-0.0008875965554344112
0.04393662115874665,-0.0005661029717884958,-0.0007828379122454265
0.04455449218613233,-0.0005789608985651284,-0.0006019256096636005
0.04471976057339549,-0.0007060957432258874,-0.0005494510948435005
0.0454190406053438,-0.0003965596260968596,-0.0003300162184826094
0.04614622582398072,-0.0006470978260040283,-0.00013447482174999692
0.046859221141926165,-0.0003110572215518914,-1.2976701667888335e-05
0.04749316974208316,-0.0002975949028041214,0.0
0.0483590880718897,-0.0005951918428763747,0.0
0.04901155024069245,-0.0004928947309963405,0.0
0.04919639828188074,-0.0004141359531786293,0.0
0.0497689597860018,-0.0007295461255125701,0.0
0.0505756213925482,-0.00018760825332719833,0.0
0.051353768363991636,-0.0007140711531974375,0.0
0.05179800412234319,-0.0007097764028003439,0.0
0.05229544526660185,-0.0005256692529655993,0.0
0.05279567117662398,-0.00019939693447668105,0.0
0.053409412696612174,-0.0005434402264654636,0.0
0.05386853589543329,-7.044883750495501e-05,0.0
0.05417752264593973,-0.00038888241397216916,0.0
0.05498518202201404,-0.0003205994871677831,0.0
0.055613534123900084,-0.0006935718120075762,0.0
0.05611300856065615,-0.0004907017573714256,0.0
0.05631648163303205,-0.0001482729712733999,0.0
0.05678731019653103,-9.709696314530447e-05,0.0
0.05718320536959265,-0.0002936623350251466,0.0
0.057820654253120524,-0.0002564714231994003,0.0
0.05850517089162166,-0.00030027463799342513,0.0
0.058878405010810694,-4.479441849980503e-05,0.0
0.05938433348829684,-0.0005328016122803092,0.0
0.060031391521602494,-0.0005698722088709474,0.0
0.060740713969015474,-6.132601265562698e-05,0.0
0.06137995883769358,-9.173550643026829e-05,0.0
0.062245587724447875,-0.00017020692757796496,0.0
0.06300149432322509,-0.00027672574287862517,0.0
0.06341313627699832,-0.00021382924751378596,0.0
0.06379652786975976,-4.173754859948531e-05,0.0
0.06446327522174948,-0.0001431193231837824,0.0
0.06509048573147296,8.959705155575648e-06,0.0
0.06548554853103652,-1.1952084605582058e-05,0.0
0.06581937884389641,-0.00024186446535168216,0.0
0.06619118911900237,-0.0003474293043836951,0.0
0.06668448637360008,-9.960566239897162e-05,0.0
0.06729197160898084,-0.00045821594540029764,0.0
0.06792553188802428,-2.3305072318180464e-05,0.0
0.06843649056215742,-8.970536873675883e-05,0.0
0.06886572561971463,0.00011933310815948062,0.0
0.06949700990556468,-0.0004994491464458406,0.0
0.07003083637860771,5.4658798944728915e-06,0.0
0.07019405349554413,0.0005447919829748571,0.0
0.07083863777953374,-9.004943422041833e-05,0.0
0.07113778166848109,-0.0002555441460572183,0.0
0.07170544960745806,6.693366231047548e-06,0.0
0.0723837818726691,-1.2487375897762831e-05,0.0
0.07278109909203084,-4.5592591050080955e-05,0.0
0.0731644367513043,-0.00032212742371484637,0.0
0.07391731947918792,0.00041511256131343544,0.0
0.0745765089517266,-0.00034526048693805933,0.0
0.07472515683577262,-0.00017661420861259103,0.0
0.07533994826099379,9.992738341679797e-05,0.0
0.07613265547641294,0.000354339717887342,0.0
0.07689957169787287,0.0002195186934841331,0.0
0.07745408346134493,-0.00021894047677051276,0.0
0.07784447562084812,-5.010866516386159e-05,0.0
0.0783515007459235,-2.6530215109232813e-05,0.0
0.07897211698784812,-0.00023472760221920907,0.0
0.07939852952620026,8.147106200340204e-05,0.0
0.07971777981947215,-3.467081842245534e-05,0.0
0.0805738768611148,0.00010763350292108953,0.0
0.08117489726906789,-0.00023318405146710575,0.0
0.08181946357522818,8.575792890042067e-05,0.0
0.08233364028081169,0.00019147456623613834,0.0
0.08274660899838959,-0.00020732000120915473,0.0
0.08338105019107028,2.646675602591131e-05,0.0
0.08404612200936627,0.0002901276748161763,0.0
0.0844199134412646,-9.053399480762891e-06,0.0
0.08494673934756589,1.3924785889685154e-05,0.0
0.08559061170951396,0.0004126462445128709,0.0
0.0863026416180243,-0.00010323445530957542,0.0
0.08693759697662387,-8.906584389478667e-05,0.0
0.08780361778005759,-6.811204002588056e-06,0.0
0.08851908504953614,0.00028104690863983706,0.0
0.08880923283268591,0.00019464170327410102,0.0
0.08935669369149409,6.706970452796668e-06,0.0
0.09002011154949156,3.239176294300705e-05,0.0
0.09094187800611694,-0.00018136261496692896,0.0
0.0913749315546242,4.5266174765856704e-05,0.0
0.09173961182261724,-0.0007255718810483813,0.0
0.09224010740007935,-0.0003988094686064869,0.0
0.0928543019613667,8.316583262057975e-05,0.0
0.09347631687841333,-8.939934741647448e-05,0.0
0.09398366919998254,-0.00010447698150528595,0.0
0.0944299544308779,-0.00017307498637819663,0.0
0.0950581896768733,-0.00011477417865535244,0.0
0.09555608925577991,-0.0001092508973670192,0.0
0.09576156865390922,-5.557546319323592e-05,0.0
0.09639814920828038,0.00028802345696021803,0.0
0.0966907707407462,-2.1096229829709046e-05,0.0
0.09726545722429425,-0.00017920394020620733,0.0
0.09795002420071752,-0.00023519703245256096,0.0
0.09832229470825438,2.3943852283991873e-05,0.0
0.09882912207720711,-0.0005414315382950008,0.0
0.09947614775041996,0.00010354351252317429,0.0
0.10018389893554935,0.0001355857093585655,0.0
0.10082446697246628,-0.00015979104910002206,0.0
0.10169029721090908,0.0001450905401725322,0.0
0.10244576515065061,4.327879742049845e-05,0.0
0.10299641527638222,-0.0003759190149139613,0.0
0.10339374687800744,-9.162225615000352e-05,0.0
0.10390794156142029,0.00013318273704499006,0.0
0.10453521679132936,-7.292679219972342e-05,0.0
0.10492912541424983,6.852267688373104e-05,0.0
0.1052691293137022,-0.0001363837072858587,0.0
0.10612910237534876,-0.0003021038428414613,0.0
0.10673685368260365,-0.00034688322921283543,0.0
0.10736977395092287,-0.00030977302230894566,0.0
0.10788059599355308,0.00024478670093230903,0.0
0.10831057892881049,-0.00011444128176663071,0.0
0.10894184164126534,-0.00020846162806265056,0.0
0.10952598446304188,-9.68829044722952e-06,0.0
0.10988403810314323,-8.103001164272428e-06,0.0
0.11050960903483167,3.3629927202127874e-05,0.0
0.11115023100523659,3.0935447284718975e-05,0.0
0.11184999643857685,1.0494335583643988e-05,0.0
0.11249581759722449,0.00016862685151863843,0.0
0.11336205773017606,-0.00034157803747802973,0.0
0.1140627867751685,-0.0003524777421262115,0.0
0.11434530117198405,-0.000259954045759514,0.0
0.11491715075406357,-0.0003472422977210954,0.0
0.11557735058061068,0.00032479423680342734,0.0
0.11646946080997053,-0.00015183778305072337,0.0
0.11693069280817225,-0.00025650766474427655,0.0
0.11728866734582458,-5.5494645494036376e-05,0.0
0.11779615270333084,-0.00023662458988837898,0.0
0.11841683366544106,-0.0003694517945405096,0.0
0.11884198775573998,0.00012928174510307144,0.0
0.11916183491294569,-0.00019034552678931504,0.0
0.1200184784806,-0.00015450270439032465,0.0
0.12061957079987043,-2.6713934857980348e-05,0.0
0.12108154348464063,-7.92546197772026e-05,0.0
0.12132906223887913,3.349443431943655e-06,0.0
0.1219582287364339,9.447670163353905e-05,0.0
0.12224436386807684,-7.916925096651539e-05,0.0
0.12282566619281897,-0.00011346485553076491,0.0
0.12348942203400788,-5.363767922972329e-05,0.0
0.12386391460125014,-0.00015256922779371962,0.0
0.12439153512760787,-0.00032013551390264183,0.0
0.12503518456447224,0.00011224845366086811,0.0
0.1257459200692707,-2.3414017050527036e-05,0.0
0.12638211949366002,1.8818158423528075e-05,0.0
0.1272481546793572,3.518538869684562e-05,0.0
0.12802498387591063,-0.00012524958583526313,0.0
0.12839594559747214,4.149856249568984e-05,0.0
0.12880130969324277,-0.00013816532873534015,0.0
0.13009850356423566,-0.00011790911958087236,0.0
0.1304599370362514,-1.4175253454595804e-05,0.0
0.1308192778889329,0.00015269716459442861,0.0
0.13118378916533022,6.1209898376546334e-06,0.0
0.13168455081466643,9.500059968559071e-05,0.0
0.13229900425669616,-0.00020331052655819803,0.0
0.132920476243297,2.6218811399303377e-05,0.0
0.1334277962047734,-2.0139656044193543e-05,0.0
0.1338747322330906,-0.00013028638386458624,0.0
0.13450284163428064,5.9609585150610656e-05,0.0
0.13505431514459565,5.835130173181824e-05,0.0
0.13526991965620455,2.7592366677708924e-05,0.0
0.13601003093413097,-0.0002782415831461549,0.0
0.1367100588437795,-0.00011913960770471022,0.0
0.13739841554662585,-5.17669641340035e-05,0.0
0.1379266113635222,-3.4262429835507646e-05,0.0
0.1382739070705515,0.00012237509508850053,0.0
0.13892071341424653,-0.0002827164134941995,0.0
0.1396068696307827,0.00016855538706295192,0.0
0.13988160681862935,0.00036609271774068475,0.0
0.1402688780269606,-0.0001594758068677038,0.0
0.14113481972794525,-3.63317049050238e-05,0.0
0.14188975192837266,0.00027588115335674956,0.0
0.14244034092948457,-0.00024936447152867913,0.0
0.14283795298524737,5.8705434639705345e-05,0.0
0.14335221957997754,-0.0001995642378460616,0.0
0.14397994785118576,-1.908868034661282e-05,0.0
0.14437260521718476,3.713185833476018e-05,0.0
0.14471390352034902,-0.00023871105804573745,0.0
0.1455735314076724,8.850600352161564e-06,0.0
0.14639455010872307,-0.0005189954972593114,0.0
0.1468973180838127,2.2781210645916872e-05,0.0
0.1473245144555237,-3.4108870750060305e-05,0.0
0.14775524886404717,-7.945921470309258e-05,0.0
0.14838648640754096,-0.0008348607225343585,0.0
0.14902100310710484,1.2863979463872965e-06,0.0
0.14940597315328158,0.00010977707006532,0.0
0.14995413874299957,0.00023339433619185002,0.0
0.15059482543359007,-2.8193684556754306e-05,0.0
0.1512941558034605,-0.0001488040725234896,0.0
0.1518259471862232,4.4196771341376007e-05,0.0
0.15280660182060743,-4.413891292642802e-05,0.0
0.15354744659397054,-6.852472870377824e-05,0.0
0.15393558792924142,-3.970341640524566e-05,0.0
0.15436177754250985,3.098220986430533e-05,0.0
0.15502165736369486,-0.00013669312465935946,0.0
0.15591302690648626,1.0589873454591725e-05,0.0
0.15637524408973535,-8.131854701787233e-05,0.0
0.15673265771911252,0.00015021364379208535,0.0
0.15724040914849288,-3.792373900068924e-05,0.0
0.15786173731245906,-0.0002970093337353319,0.0
0.1584717682084732,-7.596235627715942e-05,0.0
0.1589754135016342,-0.0002198216097895056,0.0
0.1594626989701034,-2.063601868940168e-06,0.0
0.1600644241089663,-5.3345564083429053e-05,0.0
0.1605833433659275,9.764005517354235e-05,0.0
0.1608235775037208,-9.574442447046749e-05,0.0
0.16140274406233834,-6.959227903280407e-05,0.0
0.16168854121078985,-0.00016017601592466235,0.0
0.1622704907373879,-6.730137829435989e-05,0.0
0.16294741354077932,-5.3134495828999206e-05,0.0
0.1634719131159651,-0.00013249536277726293,0.0
0.16383623742293735,-0.0002256646498608461,0.0
0.16447976461056227,5.736451566917822e-05,0.0
0.16515143788778885,8.958816397353075e-05,0.0
0.16532322683375061,0.00020546886526062735,0.0
0.16582674987767215,-0.00011748519318643957,0.0
0.16669287854808187,-4.538807843346149e-05,0.0
0.16746814007791758,0.00024082171148620546,0.0
0.16798312578582103,0.0001796260039554909,0.0
0.16838765571031064,-0.0003185256209690124,0.0
0.16890908467224655,0.0005581132136285305,0.0
0.1695434431669123,-0.00010248713078908622,0.0
0.1699035247061623,0.0002902120177168399,0.0
0.17028355444483873,-0.0002523842267692089,0.0
0.1711291883898103,-0.00020306943042669445,0.0
0.1719389601608311,0.00013946953549748287,0.0
0.17246573213364438,3.560834329618956e-07,0.0
0.17287191601843252,-0.0003767582820728421,0.0
0.1733195999244499,0.00010109487993759103,0.0
0.17394749359168798,-0.0002280788467032835,0.0
0.17455300126584228,-9.599316399544477e-05,0.0
0.17494854227566606,-0.0001452607539249584,0.0
0.17551740394251067,0.00024095323533401825,0.0
0.17615486900608493,0.00014895989443175495,0.0
0.17684267918291963,-5.037049049860798e-05,0.0
0.17749897062937003,4.0974613511934876e-05,0.0
0.17781008056152053,-0.00040757577517069876,0.0
0.17836527907807306,-3.4479460737202317e-05,0.0
0.17905097506217837,-0.00013720447748255538,0.0
0.17947546756835786,3.226623448426835e-05,0.0
0.1798011754979257,-0.00017156277317553759,0.0
0.18144122814766883,5.2361814596224576e-05,0.0
0.18193140445109457,-0.00015427734615514055,0.0
0.1822821590924873,-8.882368274498731e-05,0.0
0.18279688591964835,-0.00010181376273976639,0.0
0.18342467171991045,7.589061715407297e-05,0.0
0.18401721378355074,-0.00017967230814974755,0.0
0.184523649235824,0.00014356867177411914,0.0
0.1850179532488643,0.0002103881270159036,0.0
0.1856260209659154,7.089837708917912e-06,0.0
0.18605087302868156,-9.166279050987214e-05,0.0
0.18634224330422589,-0.0002814727777149528,0.0
0.18696321910273717,4.5502063585445285e-05,0.0
0.1872425729971562,-0.000349416775861755,0.0
0.18783092263099632,0.0001968912110896781,0.0
0.18846451886569843,-0.00018537824507802725,0.0
0.1888498916152522,-1.712865378067363e-05,0.0
0.18939895609643675,0.00010496293543837965,0.0
0.1900392328925185,-1.9594965124269947e-05,0.0
0.19073830438164657,-1.560040982440114e-05,0.0
0.19138479431554534,-0.0001301499069086276,0.0
0.19170257042681205,-0.00042217638110741973,0.0
0.19225096613274545,-0.00012547783262562007,0.0
0.19299080414766603,0.0002637674624565989,0.0
0.19337921874594272,5.9992737078573555e-05,0.0
0.193806515793498,0.0001231011628988199,0.0
0.19446616549846754,0.0002394460461800918,0.0
0.19510713983432737,-0.0003370327758602798,0.0
0.19543476779606783,-8.419345249421895e-06,0.0
0.1958195940196099,-4.2536263322290324e-05,0.0
0.19617703641351403,-2.4637220121803693e-05,0.0
0.19668487413647517,7.015194569248706e-05,0.0
0.19748345650651994,-3.907561404048465e-05,0.0
0.19803470709175122,4.704580715042539e-05,0.0
0.1984197490492453,0.00011003867257386446,0.0
0.19890710642903184,-0.00010546744306338951,0.0
0.19950910483090056,-8.880384848453104e-05,0.0
0.20002675844867684,2.5580251531209797e-05,0.0
0.2003165970131621,-0.00033124000765383244,0.0
0.2010808561114468,4.6179688069969416e-05,0.0
0.20171492696084325,-2.6733478080132045e-05,0.0
0.2023915045899115,-0.0002856422506738454,0.0
0.2029159610183069,-0.00011539199476828799,0.0
0.20328085342468605,0.0002113151494995691,0.0
0.2039243446566523,-0.00025666345027275383,0.0
0.20459534915862773,-9.843206498771906e-06,0.0
0.204862053852329,0.0001367544027743861,0.0
0.20537286870382748,-9.027460691868328e-06,0.0
0.20694057137720823,-2.608224986033747e-05,0.0
0.20748814729412413,-7.121962698874995e-05,0.0
0.20783187619981403,0.0001102191090467386,0.0
0.2083535640424923,1.7992058928939514e-05,0.0
0.20898818141790046,-1.0844380085472949e-05,0.0
0.20934692540664818,-1.545348817444392e-05,0.0
0.20972853719430576,0.00033958168933168054,0.0
0.21057343764384065,8.672482363181189e-05,0.0
0.21138286424053826,0.0002658690864336677,0.0
0.21191067173632103,0.0001723855675663799,0.0
0.21231603583209166,0.0004197565431240946,0.0
0.21279683489973797,-0.0005477643571794033,0.0
0.21339214554909533,0.00022078935580793768,0.0
0.21399653140669933,1.53420987771824e-05,0.0
0.2143922881504751,5.690490252163727e-05,0.0
0.2149621421934988,-0.00022429217460739892,0.0
0.21559929084727683,3.750308678718284e-05,0.0
0.21628910734986495,-2.877324186556507e-05,0.0
0.21694343561735235,0.00012071566379745491,0.0
0.21725437296234126,0.0007066332618705928,0.0
0.21780984474189963,0.00011119638656964526,0.0
0.218513453835151,-0.0001492781739216298,0.0
0.21891930692787942,1.0458861652296036e-05,0.0
0.21924640274587168,-0.00016933800361584872,0.0
0.22002385037975408,-6.75759365549311e-05,0.0
0.2206712104405925,-0.000374136317986995,0.0
0.22096661494103886,-7.249749614857137e-05,0.0
0.2213759701149211,-1.8511836969992146e-06,0.0
0.22172636519972722,-0.00020034750923514366,0.0
0.22224135090763064,-1.32969607875566e-05,0.0
0.2228693955886351,-5.8050649386132136e-05,0.0
0.22346095965835974,-6.642551306867972e-05,0.0
0.22396761084458502,6.784785455238307e-06,0.0
0.2244623750900562,0.00021322416432667524,0.0
0.2250709030395382,0.00031254393979907036,0.0
0.22555620375564917,-6.0262311080805375e-05,0.0
0.2258219160731713,-0.00017056807701010257,0.0
0.2264078494867493,-0.00022211368195712566,0.0
0.2266869516915577,-0.00017633475363254547,0.0
0.22727576155782872,0.00031343623413704336,0.0
0.22794090528744204,-6.484694540631608e-05,0.0
0.22846150726922868,0.0003063069307245314,0.0
0.22884377344987394,4.471613374334993e-05,0.0
0.22948401429029705,-0.00012126694491598755,0.0
0.23014021225203493,-0.0002903132844949141,0.0
0.23030069673891293,-2.3212815904116724e-05,0.0
0.23094490708405244,2.7116651835967787e-05,0.0
0.2316957043837336,-0.00018491795344743878,0.0
0.2324664139271825,-0.00013843709166394547,0.0
0.23304518497355473,-8.579364657634869e-05,0.0
0.23338222612673326,-2.11093902180437e-05,0.0
0.2339108606026653,-1.1557403013284784e-05,0.0
0.23455189246757896,0.0004289334174245596,0.0
0.2348784633329547,2.1809302552355803e-05,0.0
0.235298173736532,5.993129525450058e-05,0.0
0.23612952609388252,-0.000248263735556975,0.0
0.23692757632017905,-0.0002625734259709134,0.0
0.23747964669442787,-1.9820039597107098e-05,0.0
0.23786369627574286,-0.0002007427829084918,0.0
0.23835171523964876,-8.20841669337824e-05,0.0
0.23895377117057137,5.958517431281507e-05,0.0
0.23952894665107727,0.00021763636323157698,0.0
0.2399353103141587,-7.917092284515093e-05,0.0
0.24052578852299172,-0.00015386358518298948,0.0
0.24115973712314873,6.680825754301623e-05,0.0
0.24183568912375625,-2.6047406208817847e-05,0.0
0.24250235018216515,-0.00010923167610599194,0.0
0.24280680831746296,2.443955781927798e-05,0.0
0.2433689247027423,-0.0002166368649341166,0.0
0.24404187081028558,-0.00031766490428708494,0.0
0.24445973309300756,2.82564724329859e-06,0.0
0.2448177363951868,-5.016358772991225e-05,0.0
0.2455817509949926,3.5685141483554617e-05,0.0
0.24638384982845463,-8.37986826809356e-05,0.0
0.24693263385550163,-0.00031979339837562293,0.0
0.24727629804100593,0.00011776376777561381,0.0
0.24779785644331304,-0.00011118264228571206,0.0
0.248432747081727,-0.0004655119846574962,0.0
0.24899887611851318,-0.00013838409631716786,0.0
0.24951630681120573,-4.7937155613908544e-05,0.0
0.250017873867296,-0.00016729756316635758,0.0
0.25063308956928937,5.525043889065273e-05,0.0
0.2510856850182802,-0.00013295496682985686,0.0
0.25137609168217234,-0.0001636525703361258,0.0
0.2519686265546809,-0.000323683452734258,0.0
0.25224142932809146,-0.00024222442880272865,0.0
0.2528367975065027,-1.9729261111933738e-05,0.0
0.2534905145277928,0.000232465477893129,0.0
0.25400768633974297,0.00015427861944772303,0.0
0.25440686606222346,-0.00020181814034003764,0.0
0.2550438996578938,-0.0001178261372842826,0.0
0.2556412525886632,-6.288000349741196e-06,0.0
0.25573240737450653,-0.00014524139987770468,0.0
0.25638789341420287,-1.1941741831833497e-05,0.0
0.2566988667148505,-0.00042325136018916965,0.0
0.25725439602346273,0.0001740077423164621,0.0
0.2579388767063052,-0.00021518458015634678,0.0
0.2583631390962693,0.00011229516530875117,0.0
0.25869144302439256,1.269231506739743e-05,0.0
0.25946837289679026,0.00011847801943076774,0.0
0.2601159774561076,-2.7354160465620225e-06,0.0
0.2604099509213391,-0.00012500822231231723,0.0
0.260868543774195,-2.9224636818980798e-05,0.0
0.2616858302778764,-0.0001525581901660189,0.0
0.2624725832362209,-1.4962832210585475e-05,0.0
0.26303439759396746,9.543624037178233e-05,0.0
0.2634119607744596,0.0003623268858063966,0.0
0.2639067969312481,-0.00010994405602104962,0.0
0.26451559814373593,-0.0003945683711208403,0.0
0.26499944625123695,3.4121756470995024e-05,0.0
0.2653002944384049,-0.00028795836260542274,0.0
0.2660894204702212,-7.058532355586067e-05,0.0
0.2667203991329726,0.0001393122220179066,0.0
0.26738501790996944,-6.411047661458724e-05,0.0
0.2679055839360974,-4.09201456932351e-05,0.0
0.2682883966427544,-3.7740312109235674e-05,0.0
0.268928623100914,7.884332262619864e-06,0.0
0.2696079836979628,-0.00032491693855263293,0.0
0.27000057634377617,-6.425469655368943e-05,0.0
0.27049036432608836,-4.6605839088442735e-05,0.0
0.27114027004756014,-0.00034365299507044256,0.0
0.27190970676069237,8.30466387924389e-05,0.0
0.2724895852413515,-7.278969496837817e-05,0.0
0.27282627402907506,9.46630461839959e-05,0.0
0.27335516738574944,1.88537214853568e-05,0.0
0.27399664510083055,-6.632550503127277e-05,0.0
0.27440041276535654,-0.0001132582183345221,0.0
0.27490428098360126,6.563838178408332e-05,0.0
0.2755739766996014,-0.0003711175231728703,0.0
0.2761958945363696,0.0002028042945312336,0.0
0.2766159429231383,-3.227978595532477e-06,0.0
0.2769309576398197,1.9417904695728794e-05,0.0
0.2773078448539289,-0.0003800242848228663,0.0
0.2777959213468887,0.0003175571036990732,0.0
0.27839845189250567,3.393084989511408e-05,0.0
0.27897230420477276,-7.729351636953652e-05,0.0
0.279379264731788,0.00031551148276776075,0.0
0.27997034699568657,4.7325980176537996e-05,0.0
0.2806043746982926,0.00021176738664507866,0.0
0.28116582949945257,9.1879817773588e-05,0.0
0.2812963053936101,-0.0001512083108536899,0.0
0.2819469302282552,-4.2544152620394016e-05,0.0
0.28225091374885863,8.874055311025586e-06,0.0
0.2828135191310958,1.9541676010703668e-05,0.0
0.2834868679420161,-0.000122848927276209,0.0
0.2839036803195051,9.436060918233125e-05,0.0
0.28426299240765973,0.00046905482304282486,0.0
0.28502648924598073,0.0002373623283347115,0.0
0.28568065211743826,-0.0002160005969926715,0.0
0.2858568348448887,-0.0003047323552891612,0.0
0.2863771132257474,0.0002988989872392267,0.0
0.2867203171788208,-9.811585914576426e-05,0.0
0.2872425371652473,-0.0001388375530950725,0.0
0.28801817263393314,0.00018424617883283645,0.0
0.2885759455756459,-1.6876085737749236e-06,0.0
0.28896046977165524,6.57294804113917e-05,0.0
0.28946252582470333,-0.00037170728319324553,0.0
0.29007800040743914,0.0001943726820172742,0.0
0.2905293158349815,8.440246892860159e-05,0.0
0.2908205854346816,-9.452179619984236e-05,0.0
0.2916222240357127,9.248340938938782e-05,0.0
0.29228165081559854,6.457942163251573e-06,0.0
0.29288360607067687,-9.768470044946298e-05,0.0
0.2934517630066117,1.3569341717811767e-05,0.0
0.2938516043132116,-9.781125118024647e-05,0.0
0.29448869543793577,1.5302073734346777e-05,0.0
0.2951742979373286,9.47870357776992e-05,0.0
0.2955418366801853,5.543603401747532e-05,0.0
0.29605256523810297,9.936626884154975e-05,0.0
0.29669896168728926,0.00030740007059648633,0.0
0.29743605268988793,-0.0002682352132978849,0.0
0.2980471263000033,0.00011683980847010389,0.0
0.2989130823832515,-0.00016635209613014013,0.0
0.2995607444716227,-0.00025754934176802635,0.0
0.2998536680316213,0.00017438567738281563,0.0
0.3003135409059255,3.351410123286769e-05,0.0
0.30113030964812215,0.00012788533058483154,0.0
0.3019166311385627,-0.00010948963608825579,0.0
0.30247847426083624,8.091489689832088e-06,0.0
0.3028561237349091,4.1582075937185436e-05,0.0
0.3033512475369669,-7.850598922232166e-05,0.0
0.30396027886567023,0.0003406770993024111,0.0
0.3045049639476296,-3.591727727325633e-05,0.0
0.30492263926092655,0.00015161791452555917,0.0
0.3055343888374248,6.453624337154906e-05,0.0
0.3061648497386914,9.314101771451533e-05,0.0
0.306690780349092,-0.0004499537462834269,0.0
0.30686336751067605,-0.0002126921754097566,0.0
0.30750624030531326,0.00038690595101797953,0.0
0.3078037661896208,-0.0004157989169470966,0.0
0.30837301617757895,0.00026439878274686635,0.0
0.30905283700705866,-0.00011656986316666007,0.0
0.30944443727669296,0.00012821247946703807,0.0
0.30993514572386693,0.0004695644565799739,0.0
0.31058460559517126,-0.00025393706164322793,0.0
0.3113531074611783,0.00032563247077632695,0.0
0.31193417966970494,-2.963345468742773e-05,0.0
0.31227069587026696,0.0003042271127924323,0.0
0.3127996755205222,-0.000140202057082206,0.0
0.3135639777655973,-1.8467938389221672e-05,0.0
0.31411757985090516,-0.00020002067321911454,0.0
0.31450961158844337,-4.547098797047511e-05,0.0
0.3150182547181586,0.0003402024449314922,0.0
0.3156404026711423,-0.0002011905744438991,0.0
0.31605940115267805,9.306046922574751e-05,0.0
0.31637526442290387,-0.00029951168471598066,0.0
0.31675218040154,0.0001181857951451093,0.0
0.3172403431880806,0.000246713258093223,0.0
0.3178429312627514,4.5642951590707526e-05,0.0
0.3184848404457365,-0.00017175886023323983,0.0
0.31899840230955684,1.614002940186765e-05,0.0
0.31941509962893816,0.0001785578624549089,0.0
0.3200487965394845,0.00012364945723675191,0.0
0.32065810113119364,0.00012934603091707686,0.0
0.32082999794413136,-7.594039925606921e-05,0.0
0.3215347144716696,0.00013290459173731506,0.0
0.32225808479492235,6.457293784478679e-05,0.0
0.32296682835623086,-0.00012531682978078607,0.0
0.323604753652236,0.0002774699460132979,0.0
0.32447082479359185,-0.00016501417849212885,0.0
0.3251252465457918,-0.00022233436175156385,0.0
0.325300249927638,0.00015983925550244749,0.0
0.3258842848824386,0.00019712808716576546,0.0
0.32668704530002,-8.70821313583292e-05,0.0
0.3274620479491133,-8.14322602309403e-05,0.0
0.32801964830366453,-4.522069957602071e-06,0.0
0.32890677507873367,-0.0004862997739110142,0.0
0.3295225085422118,0.00010356035636505112,0.0
0.3299727740645212,-0.0002381303329457296,0.0
0.33028427950891703,1.1734924783013412e-06,0.0
0.33109860326632456,-0.0002481218361936044,0.0
0.3319709306922879,4.255563999322476e-05,0.0
0.33243094738922674,0.0001914710010169074,0.0
0.3328956383217919,-0.00015510561934206635,0.0
0.3332963425641997,-0.00015224589878926054,0.0
0.33393311727912767,9.071352542378008e-05,0.0
0.33461935259811293,-8.725087536731735e-05,0.0
0.3349857407598925,-0.00020867450621153694,0.0
0.33549726034230076,2.6168225303990766e-05,0.0
0.3361435273511158,0.00022847596846986562,0.0
0.33687918012736795,-4.7258188715204597e-05,0.0
0.3374915481411952,2.4976213190086582e-05,0.0
0.33835741793086255,-7.471920980606228e-05,0.0
0.3391102718942193,-2.6738495336076085e-05,0.0
0.3395196917882871,-0.00013671788474312052,0.0
0.3399088614553958,0.000241053143327008,0.0
0.3405747890183679,0.0006152638234198093,0.0
0.3412035815770726,-0.00019297371909487993,0.0
0.34159000423185937,-5.850252819072921e-05,0.0
0.3419305330839282,0.00011765183808165602,0.0
0.34230028669535867,2.4462520741508342e-05,0.0
0.3427956693781588,2.2977148546488024e-05,0.0
0.3434049595876045,0.00014969777839723974,0.0
0.34403543487113464,8.026781324588228e-05,0.0
0.34454524296419053,-1.0962539818137884e-05,0.0
0.3449791414706764,-5.7200937590096146e-05,0.0
0.34560967428326034,-1.5157046618696768e-05,0.0
0.34613385025751814,-0.0002378215576754883,0.0
0.34630824958429884,-3.324346471345052e-05,0.0
0.3469507340578225,-1.537529101369728e-05,0.0
0.3472481017372319,-0.00015216832980513573,0.0
0.34781781195762096,-6.430087523767725e-05,0.0
0.34849786290331614,-1.149707895820029e-05,0.0
0.34888831259187314,-7.193380952230655e-06,0.0
0.34937991273938196,-3.2239935535471886e-05,0.0
0.35002937261068634,0.0002617825521156192,0.0
0.35069029514597255,0.0001080223883036524,0.0
0.3508295154563171,0.0001835059665609151,0.0
0.3514553452687479,2.547466465330217e-05,0.0
0.35224438500698335,-4.189318133285269e-05,0.0
0.3530082270196276,1.1268362868577242e-05,0.0
0.3535616852823008,-1.414006510458421e-05,0.0
0.3539536019617313,-9.343079909740482e-06,0.0
0.35446290667556596,0.00012339574459474534,0.0
0.355085313509292,2.4015504095586948e-05,0.0
0.3555029744403255,-0.0003021689362867619,0.0
0.3558250508483683,-0.0002754169690888375,0.0
0.3566849376164341,-1.3361940546019468e-05,0.0
0.3572877845718473,-3.366655437275767e-05,0.0
0.35792907531750334,-0.00020491933537414297,0.0
0.358442306389264,-5.830256668559741e-07,0.0
0.3588600392316148,-7.981840462889522e-05,0.0
0.3594936210840534,0.0001683671143837273,0.0
0.3601508329953656,-0.00023963942658156157,0.0
0.360527446946469,0.00015906610133242793,0.0
0.3610598783399559,-0.0001030336607072968,0.0
0.36170288057496436,0.00010086543625220656,0.0
0.36241096255215344,-3.974054015998263e-05,0.0
0.3630494775209607,-3.95184765693557e-05,0.0
0.36391556304458,2.4892429792089388e-05,0.0
0.3646269960891565,-0.00011058418658649316,0.0
0.3649151591199481,-3.9204027416417375e-05,0.0
0.3654690344682618,0.00010673690849216655,0.0
0.36613172602195426,-0.00011309905676171184,0.0
0.3670452298682188,6.954008858883753e-05,0.0
0.36748600309664115,-5.2545787184499204e-05,0.0
0.3678488244570812,3.1086117814993486e-05,0.0
0.36835139827161406,8.366470865439624e-05,0.0
0.36896718926414607,2.9441558581311256e-05,0.0
0.3695860436787962,-4.441924102138728e-05,0.0
0.3700927452029436,-1.228370820172131e-05,0.0
0.37054357163352813,-3.214000025764108e-05,0.0
0.37117078214325167,0.00020304715144447982,0.0
0.3716590024588461,0.00015377227100543678,0.0
0.37187565687568797,-0.00016236657393164933,0.0
0.37251053313183846,-0.0003730468306457624,0.0
0.3728012130587365,-0.00031746135209687054,0.0
0.3733777404720081,-8.707786037120968e-05,0.0
0.37406285397444305,1.6584122931817546e-05,0.0
0.3744296304573361,-9.10801190912025e-06,0.0
0.37494196982876193,9.618343756301329e-05,0.0
0.3755880930149424,-0.00028431645478121936,0.0
0.3763225952101173,-3.713060505106114e-05,0.0
0.37693614256954866,-0.00019861194596160203,0.0
0.3778019260656353,-7.868716784287244e-05,0.0
0.3785542478852437,3.689957156893797e-05,0.0
0.37910392361262557,-6.791392661398277e-05,0.0
0.37950337659811195,-0.0006867683259770274,0.0
0.38001923962408674,0.0002969441411551088,0.0
0.38064831982806074,0.00015010529023129493,0.0
0.380961076529378,-0.0003473347460385412,0.0
0.38137495492512014,-3.431710274526267e-05,0.0
0.38174444965580817,-0.00044907061965204775,0.0
0.3822398898676622,-9.41432299441658e-05,0.0
0.3828496403095388,-0.0003296408394817263,0.0
0.3834794971557399,0.0002473521599313244,0.0
0.3839893771601131,0.0002031384065048769,0.0
0.3844238221926106,-0.00015489842280658195,0.0
0.3850543262406677,-0.0003310313040856272,0.0
0.3856296023970178,8.711002010386437e-06,0.0
0.38582720031476814,-0.00018077925460602273,0.0
0.38655287180017533,-7.306522093131207e-06,0.0
0.3872624063859744,0.00025996030308306217,0.0
0.3879590832282355,0.0001361072681902442,0.0
0.38860750757657037,-0.00016073666483862326,0.0
0.3889240180486521,-8.08569384389557e-05,0.0
0.38947390950998595,4.7349894884973764e-05,0.0
0.39017080208619903,-0.0001658354976825649,0.0
0.3903618416918091,-5.430971759778913e-05,0.0
0.39090039992953224,0.00011308233661111444,0.0
0.39168869179006754,2.8325852326815948e-05,0.0
0.3925733160512937,0.00033961990266107023,0.0
0.3930419621063118,-0.0002741655698628165,0.0
0.3933979950383963,0.0002501443086657673,0.0
0.3939073572812848,0.00016166364366654307,0.0
0.39453002299575324,-0.00010020237095886841,0.0
0.39494633199402096,-0.00012531560059869662,0.0
0.3952688973990216,0.00011789001291617751,0.0
0.39612915810593746,-0.00018872595683205873,0.0
0.39673246529378153,-4.709001586888917e-05,0.0
0.39718475871523956,-3.3412794437026605e-05,0.0
0.3974436394576157,1.0598892004054505e-05,0.0
0.3983046911890221,-3.9565362385474145e-05,0.0
0.39893824427693386,-9.817884711083025e-05,0.0
0.39959413302000724,-1.7837264749687165e-05,0.0
0.39997126473259537,-0.00013204544688960596,0.0
0.40050448715057285,6.0965950979152694e-05,0.0
0.4011472448871024,-0.00017511899932287633,0.0
0.40185511113033945,0.00014921421825420111,0.0
0.402493913744416,-0.00013737406334257685,0.0
0.4033600999438796,5.332576165528735e-06,0.0
0.4041271060544862,-3.93422897104756e-06,0.0
0.40450272762941053,3.4646433050511405e-05,0.0
0.4049136576611422,1.795705065887887e-05,0.0
0.40557603280503846,-5.440542008727789e-05,0.0
0.4062119014373681,0.00024304792168550193,0.0
0.4065645976843286,-7.198209277703427e-05,0.0
0.40693055437820413,3.912065039912704e-06,0.0
0.4072930161820577,0.00050703453598544,0.0
0.4077956475256444,-5.6763659813441336e-05,0.0
0.4084121001022958,-1.7212149032275192e-05,0.0
0.4090304799022516,1.0937653769360622e-05,0.0
0.4095366780471777,-1.3132955245964695e-05,0.0
0.4099882667377259,-5.8084850024897605e-05,0.0
0.4106156354523475,-2.092667955366778e-06,0.0
0.41115833578194866,5.405595220508985e-05,0.0
0.4113805705170151,-1.3730197224504082e-05,0.0
0.41212606076147756,0.00013008729729335755,0.0
0.4128225362520501,4.948899368173443e-05,0.0
0.41350780795938313,-0.00020184193999739364,0.0
0.41403501859123215,-0.00015460401482414454,0.0
0.4143866649329597,-0.0001322020689258352,0.0
0.4150328600304574,-0.0002730705018620938,0.0
0.4157150826979359,0.0003906296915374696,0.0
0.41589509110746803,2.6182373403571546e-05,0.0
0.4163806650865849,-0.00027223933284403756,0.0
0.4172464629649349,7.507955615437822e-06,0.0
0.417998525903801,0.0002669207315193489,0.0
0.41854805780854815,0.000255042890785262,0.0
0.4189473957359268,6.266495620366186e-05,0.0
0.4194637189943325,-0.00028176623163744807,0.0
0.42009323066621046,0.0003560229670256376,0.0
0.4204770645135735,0.00011041135712730465,0.0
0.4208286820907741,-1.4892065337335225e-05,0.0
0.42250270564682235,-5.300280463416129e-06,0.0
0.423011794626705,0.00020111633057240397,0.0
0.42343348259150876,-1.357409382762853e-05,0.0
0.42386868988397,-1.5093926776899025e-05,0.0
0.42449915078523665,0.0002363365638302639,0.0
0.42512581476894845,-9.208269489136001e-07,0.0
0.4255135318274471,-0.00015957503637764603,0.0
0.4260673784112339,0.0003127474774373695,0.0
0.42670700081432794,6.586734798474936e-06,0.0
0.4274033468645293,8.577738071835483e-05,0.0
0.4280522458275585,0.00010039867993327789,0.0
0.4283682960672094,1.6318552297889255e-05,0.0
0.4289186477609741,0.00010284472955390811,0.0
0.42964984203555195,-1.6858131857588887e-05,0.0
0.43004237715231153,4.029266528959852e-05,0.0
0.43047431967096605,-8.753467227506917e-05,0.0
0.43113340127652877,-3.886238482664339e-05,0.0
0.43201667360498913,2.1268455384415574e-05,0.0
0.43248652777013835,0.0003238434292143211,0.0
0.43284218676337277,-0.00013956883049104363,0.0
0.4333518078870036,0.00015090494707692415,0.0
0.43397455989505285,0.0003121572663076222,0.0
0.4345816927649787,9.387440877617337e-05,0.0
0.4350846117538347,0.0003063562326133251,0.0
0.4355737812988179,4.730729051516391e-05,0.0
0.4361771172511889,6.191800139276893e-08,0.0
0.4366871842249872,-1.0492975661691162e-06,0.0
0.4369340413951063,6.36404820397729e-05,0.0
0.43751524304400413,0.00012039672583341599,0.0
0.4377992927474446,1.0562232091615442e-05,0.0
0.4383826948826527,2.8983369702473283e-05,0.0
0.43905671965995585,0.0001266429026145488,0.0
0.4395804210195193,0.0005318584735505283,0.0
0.4399491966370341,9.048476169937203e-05,0.0
0.44059183931545587,-2.607351461847429e-06,0.0
0.4412527043216882,-0.0002055543736787513,0.0
0.44133229576770544,0.0002353790041524917,0.0
0.44193853693729646,6.472469891605215e-06,0.0
0.44280443549149073,2.0457002392504364e-05,0.0
0.4435704636081817,-6.97279801897821e-07,0.0
0.44409058378414223,-0.00019023554341401905,0.0
0.4444974004885229,0.00016286825120914727,0.0
0.4450205121752842,0.0005283867940306664,0.0
0.4456564671011946,0.00032811673008836806,0.0
0.4460078977089702,-0.00013949577623861842,0.0
0.4463984193088446,0.0001384708157274872,0.0
0.44724009813136323,0.000352435716195032,0.0
0.44804692872950536,-5.197546670387965e-05,0.0
0.448580496321806,-2.836775365722133e-07,0.0
0.4489809848302619,-1.1364828651494463e-06,0.0
0.44943304813550444,0.00015923276805551723,0.0
0.45006008605806636,-0.00038745490019209683,0.0
0.4506016358065903,-4.751198866870254e-05,0.0
0.4508839884029418,-6.019431020831689e-05,0.0
0.45163055731716417,-2.5462868507020175e-06,0.0
0.452266958093242,-6.97280847816728e-05,0.0
0.4529519853020961,4.8002943174196844e-05,0.0
0.4534788363773585,0.00022171821910887957,0.0
0.45392019927858285,0.0002854904450941831,0.0
0.4544772531071224,-0.00016239212709479034,0.0
0.45517257801661776,-6.346358532027807e-07,0.0
0.45558237184953565,-5.4227733926381916e-05,0.0
0.4559166875637875,0.00010006950469687581,0.0
0.4566909710997076,0.0003225842665415257,0.0
0.457627774212786,-0.00016313766263920115,0.0
0.45804278880734184,-0.00010073003068100661,0.0
0.45839158746090325,-4.283043017494492e-05,0.0
0.4589081983645783,-4.882388384430669e-05,0.0
0.459537796330037,-0.0001473469310440123,0.0
0.45999311002682275,-0.00030927336774766445,0.0
0.46045329931092327,0.00035934003244619817,0.0
0.46112896366626144,-0.0001226821623276919,0.0
0.46173903051793425,1.4097493476583622e-05,0.0
0.46215401634796316,0.00036619883030653,0.0
0.46245693558107015,-7.143016409827396e-05,0.0
0.4628773866712159,-0.00010968466085614637,0.0
0.4633134425172216,0.0005184028559597209,0.0
0.4639436013909555,4.3854754039784893e-05,0.0
0.4645693449098055,-7.536260091001168e-05,0.0
0.46495746467168114,1.5904544852674007e-05,0.0
0.46551210227995854,-1.0094244771607919e-05,0.0
0.4661515952426814,-4.590916068991646e-05,0.0
0.4668476105008231,-0.00022722557332599536,0.0
0.46749669643327735,1.1053343769162893e-06,0.0
0.46781257408576665,-0.0003525428764987737,0.0
0.46836301207311215,-0.00017301707703154534,0.0
0.46909282565039734,-0.00026363437063992023,0.0
0.4694862237029648,6.130326255515683e-05,0.0
0.4699190579219542,-0.0006909975199960172,0.0
0.47057790941130145,-0.00015817202802281827,0.0
0.4712206527655675,0.00013003205822315067,0.0
0.47146005992321155,-0.00019012241682503372,0.0
0.4719309783758572,-6.3073930505197495e-06,0.0
0.4722861771366607,-5.5801905546104535e-05,0.0
0.47279628725724937,0.00015242975496221334,0.0
0.47359182777857123,-4.075665742675483e-05,0.0
0.4741495719557571,-0.00020614510867744684,0.0
0.4745287459497573,-9.054709153133444e-06,0.0
0.4750182031400098,-0.000517813372425735,0.0
0.4756217979731232,0.0003206716210115701,0.0
0.47613078627716154,-3.352497151354328e-05,0.0
0.47637860705893287,-5.8764264394994825e-05,0.0
0.4771449372031566,-0.000347390363458544,0.0
0.4778275194272216,-0.0004107400309294462,0.0
0.478481337124356,-0.00038518939982168376,0.0
0.47902446892186107,-0.0002766239340417087,0.0
0.4793939924170761,-0.00013212031990406103,0.0
0.48003660633097095,-0.00038950337329879403,0.0
0.48070365571049345,-0.00026689079368225066,0.0
0.48087204325114563,-0.0003692904065246694,0.0
0.4813830594543326,-0.00022006648214301094,0.0
0.4822491737424789,-0.0004717573756352067,0.0
0.483043765034412,-0.00026070263265864924,0.0
0.4835996395173474,-0.00027068302006227896,0.0
0.48394164974255316,-0.00048724267981015146,0.0
0.48446522166174544,0.00017735040455590934,0.0
0.4851013779393443,-0.00023197474365588278,0.0
0.4854515860547254,-0.0005661382456310093,0.0
0.4858433876760482,-0.00010260723502142355,0.0
0.4866847500887706,-0.00041691501974128187,0.0
0.4874911348367453,-0.0002823031791194808,0.0
0.4880252345727941,-0.00021152551926206797,0.0
0.48842511902618446,-0.00033907635952346027,0.0
0.4888779014446003,-0.0002346195833524689,0.0
0.4895049393671622,-0.0001801095058908686,0.0
0.49010128553948906,-0.00010040129564004019,0.0
0.490500076940856,-0.00013419529409475217,0.0
0.4910754825375774,-0.00015834283840376884,0.0
0.4917115812861224,1.381500896968646e-05,0.0
0.49239614826254563,-0.0003838298434857279,0.0
0.4930554312197969,-0.00011828705282823648,0.0
0.4933646786488286,-0.0006226729019545019,0.0
0.49392179000642206,-0.0002657133445609361,0.0
0.4946159930993671,-0.00010350488446420059,0.0
0.4950263190760332,-0.00038403629514505155,0.0
0.4953617422245719,-0.00036689129774458706,0.0
0.4961355079990072,9.21779646887444e-05,0.0
0.49698837622250186,-7.990619633346796e-05,0.0
0.4974872681775876,-8.185587648767978e-05,0.0
0.4978358367149336,-0.00031895205029286444,0.0
0.49835267773482406,-0.0002740845666266978,0.0
0.4989825058164982,-0.0002964167797472328,0.0
0.49956711606183735,-0.0005555793177336454,0.0
0.5000769385371567,-0.0004858496831730008,0.0
0.5005731841557648,-0.00016910907288547605,0.0
0.5011837400043955,-0.0005097356042824686,0.0
0.5016601668639483,-9.16076733119553e-05,0.0
0.5019324806404011,-0.0001985944400075823,0.0
0.5025203412772834,-0.00017559128173161298,0.0
0.5027978326685837,-0.0002381750091444701,0.0
0.5033882533483628,-0.0005201895255595446,0.0
0.5040502401711455,-0.00015772229380672798,0.0
0.5045701302308906,-0.00024403657880611718,0.0
0.5049569268245275,-6.680596106889425e-05,0.0
0.5055962184355618,0.000169747305335477,0.0
0.5062484253191881,-0.000402928513722145,0.0
0.5064058248105527,-0.000240279554418521,0.0
0.5070602177982257,2.0099760149605572e-06,0.0
0.5078075777369386,-0.00026381248608231544,0.0
0.5085027588237994,2.627534013299737e-05,0.0
0.5090778767752514,-0.00022615266789216548,0.0
0.5094919133758916,-0.000533544400241226,0.0
0.5100223887815472,-0.0001121346649597399,0.0
0.510665218429394,-0.00015968887601047754,0.0
0.5109829513938704,-0.0003036963607883081,0.0
0.5114133262458072,-2.807613054756075e-05,0.0
0.5122407666274952,-0.00010217898670816794,0.0
0.5130357606228053,-0.000585293339099735,0.0
0.5135943102067453,-0.00023154987138696015,0.0
0.5139729089102069,-0.00018125971837434918,0.0
0.5144624236295132,-0.00010862334602279589,0.0
0.5150664786950575,3.803182698902674e-05,0.0
0.5156338302242381,-0.0002578855201136321,0.0
0.5160430056198271,-5.887901170353871e-05,0.0
0.5166390641468848,-0.0001230428777034831,0.0
0.517272142620102,-0.00026990845799446106,0.0
0.5179450887276453,0.000278643532510614,0.0
0.5186142666821607,-0.00013271972102302243,0.0
0.5189168407409445,-0.0005444293492473662,0.0
0.5194812007593245,-0.00015006687317509204,0.0
0.5201558439739566,-4.7930549044394866e-05,0.0
0.5205668315347421,-0.00017075762025342556,0.0
0.5209333491368929,4.779171649715863e-05,0.0
0.5216937106417785,-0.00022040557814761996,0.0
0.5224869500009459,-0.00010002352246374357,0.0
0.5230440325940123,-9.24154810491018e-05,0.0
0.523385697644895,-0.0003629547718446702,0.0
0.5239096722674642,-0.000202908122446388,0.0
0.5245461737193864,-5.987314580124803e-05,0.0
0.5249713134274218,-0.0001643011491978541,0.0
0.5254569449355925,-0.0004457598988665268,0.0
0.526128970578274,-5.630589657812379e-05,0.0
0.5267461997971525,-5.123412483953871e-05,0.0
0.5271900076831659,-0.0002463426899339538,0.0
0.5274870589527791,8.13021151770954e-05,0.0
0.5278690518704185,-0.00021728433785028756,0.0
0.5283224958729538,-0.00025597297189960955,0.0
0.5289496200890965,-0.0001654009975027293,0.0
0.5296001298656339,-0.00027743283862946555,0.0
0.530116251772351,2.6506890208111145e-05,0.0
0.5305201344949847,0.00011809630086645484,0.0
0.5311563770661644,-0.0003630748833529651,0.0
0.5317440938804121,-7.496467878809199e-05,0.0
0.5318436766726461,-0.00023172145301941782,0.0
0.5326326876463546,-0.00020679908629972488,0.0
0.5328087840802243,-0.0001675902312854305,0.0
0.533366585786464,-6.487233622465283e-05,0.0
0.5340470969645901,2.352637966396287e-05,0.0
0.5346216396255035,-1.7906144421431236e-05,0.0
0.5348069982370448,-0.00015738293586764485,0.0
0.5355800161337799,0.0004534062172751874,0.0
0.5362295766809285,-8.575105312047526e-05,0.0
0.5365148344945001,-0.0005060332332504913,0.0
0.5369837825770509,6.539835885632783e-05,0.0
0.5377973584567584,-0.00014531842316500843,0.0
0.5384274166546479,-0.00025898890453390777,0.0
0.5391417549164444,1.924828757182695e-05,0.0
0.5395211014976062,-0.00014221921446733177,0.0
0.5400178073486452,5.670219616149552e-05,0.0
0.5406285933134913,0.00022647374134976417,0.0
0.5411036970048053,0.00028038402160746045,0.0
0.5414073641156125,-0.00011083036952186376,0.0
0.5422029621659883,-9.112566203839378e-05,0.0
0.5428331066574587,-4.810111931874417e-06,0.0
0.5434945181897027,2.9728977779086563e-05,0.0
0.5440142356622862,2.2098793124314398e-06,0.0
0.5444016650755157,0.002372222013946157,0.0
0.5450407840993884,-0.0003373939252924174,0.0
0.5457219280971068,0.0001556866627652198,0.0
0.546107804225882,-0.00015566194633720443,0.0
0.5465054738106986,0.00025094838929362595,0.0
0.5472523159879268,8.753321162657812e-05,0.0
0.5480129939026086,-5.706327965526725e-05,0.0
0.548601286007395,0.00033396978687960654,0.0
0.548936133865395,-0.00022515837918035686,0.0
0.5494668969163199,-1.675458042882383e-05,0.0
0.5501099566803822,0.0001401301851728931,0.0
0.5505061017452715,0.00010357254359405488,0.0
0.5510165282756564,0.00023589450574945658,0.0
0.5516853898203755,-0.00022074590378906578,0.0
0.5526508424022769,7.094475586200133e-05,0.0
0.5530418386168456,0.00021499770036825794,0.0
0.5534170143416025,4.064059248776175e-05,0.0
0.5539070468223936,-6.922279681020882e-06,0.0
0.5545109293007763,0.0001374562707496807,0.0
0.5550771877779337,9.273063369619194e-06,0.0
0.5554871685802767,2.9333579732337967e-05,0.0
0.5560838023978728,0.00011569434718694538,0.0
0.5567165932258209,0.0003272735921200365,0.0
0.5572687570847822,-3.175933670718223e-05,0.0
0.5574104511444428,7.224090222734958e-05,0.0
0.5580590336976757,0.00020157643302809447,0.0
0.5583613488757172,0.00026053551118820906,0.0
0.5589255938359894,0.00010166568245040253,0.0
0.5596006972830525,-5.800817598355934e-05,0.0
0.5600107068499224,-5.221518949838355e-05,0.0
0.5603783750331504,-0.00013344097533263266,0.0
0.5611380461893896,0.00015168388199526817,0.0
0.5617941650486784,0.0005560946883633733,0.0
0.561960711659607,-1.802707447495777e-05,0.0
0.5624885119642581,-4.69085352960974e-06,0.0
0.56283009072156,-0.0002175854897359386,0.0
0.5633540078150754,2.33776540881081e-06,0.0
0.5641264791857987,-2.579961255833041e-05,0.0
0.5646831015464344,2.3772667191224173e-05,0.0
0.5650699269045981,1.946059819601942e-05,0.0
0.5655734211839928,4.302132219891064e-05,0.0
0.5661909380481407,-3.4780005080392584e-05,0.0
0.5666334802949691,-4.362584650152712e-05,0.0
0.5669313657358632,4.363628067949321e-05,0.0
0.5677383545389035,0.0003461851447355002,0.0
0.5683940706948153,-8.103244908852503e-05,0.0
0.5690443503551372,3.265065242885612e-05,0.0
0.5699648727459727,6.687328959742445e-05,0.0
0.5706010002590448,0.00035285099875181913,0.0
0.5712804759142014,0.00014262642071116716,0.0
0.5714870627466175,-0.00037524255458265543,0.0
0.5720777710716659,0.0002475826477166265,0.0
0.572810978863129,-0.000170807761605829,0.0
0.5735391528623792,0.00027409131871536374,0.0
0.574158740772466,-2.7180569304618984e-05,0.0
0.5750245242685526,4.819709647563286e-05,0.0
0.5756743724609705,-1.2890086509287357e-05,0.0
0.5759583646353571,8.509396502631716e-05,0.0
0.5764288084733084,-0.00011089355393778533,0.0
0.5772416364753156,0.0001755056728143245,0.0
0.5780250096017456,6.760051837773062e-05,0.0
0.5785854576444631,0.0003142459027003497,0.0
0.5789654370452174,2.7174099159310572e-05,0.0
0.5794622579543641,2.6703803087002598e-05,0.0
0.580073101448264,0.00033599347807466984,0.0
0.5806101351660599,2.840122760972008e-06,0.0
0.5810303849045171,5.199983570491895e-05,0.0
0.5816477291815033,-4.98585905006621e-05,0.0
0.5822775572631775,6.944527558516711e-05,0.0
0.5827934202891524,7.377241854555905e-05,0.0
0.5829775707905626,0.00022666266886517406,0.0
0.5836183581569974,-0.0001717291867748827,0.0
0.5839141437874255,0.00031792037771083415,0.0
0.5844854072922688,-0.00010320433648303151,0.0
0.5851669539933644,1.1477213774924167e-05,0.0
0.5855515932474814,-0.00014717993326485157,0.0
0.5860480114532511,-0.00012221932047395967,0.0
0.5866967090645918,0.00028077937895432115,0.0
0.5874562363981963,5.6128330470528454e-05,0.0
0.5880457941421676,0.00030955930560594425,0.0
0.5883804118839522,8.963617437984794e-05,0.0
0.5889114050510926,-5.67980623600306e-06,0.0
0.5896724856691515,-0.00011334078953950666,0.0
0.5902251960541245,4.2277439206372947e-05,0.0
0.59061875231159,-0.0001788636582205072,0.0
0.5911296678389328,-7.846874359529465e-05,0.0
0.5917536279571132,1.1421044291637372e-05,0.0
0.5921638676401985,-0.00016807497422632878,0.0
0.5924863467516184,0.00017603453306946903,0.0
0.592861177302052,0.00034123603836633265,0.0
0.5933514398990586,-7.41856565582566e-05,0.0
0.593955840138926,-9.843186853686348e-05,0.0
0.5945946427530026,-3.0835921279503964e-05,0.0
0.5951068814485841,0.0001514868054073304,0.0
0.5955285694133878,-0.00015966456703608856,0.0
0.5961613890058629,2.732027496676892e-05,0.0
0.5967619347991215,5.792758656752994e-06,0.0
0.5969404474532534,-0.00011781728971982375,0.0
0.597650586094118,-4.216470188111998e-05,0.0
0.5983703896160314,-0.00020481026149354875,0.0
0.5990758396390063,-8.111877832561731e-06,0.0
0.5996096804943128,0.00010887919052038342,0.0
0.5998236310456232,0.00020628997299354523,0.0
0.6005827844403777,-0.00016966629482340068,0.0
0.6012389608287204,-8.627174975117669e-05,0.0
0.6014043568585719,-0.00012150119437137619,0.0
0.6019996099788754,-4.714551323559135e-05,0.0
0.6027986885370097,0.00025147199630737305,0.0
0.6035706421462483,-0.00011488185009511653,0.0
0.6041271494487762,2.305096131749451e-05,0.0
0.6045139172778861,-0.00011837307829409838,0.0
0.6050181019059271,0.00020458824292290956,0.0
0.6056356187700749,1.6463256542920135e-05,0.0
0.6060771254939339,5.984056770103052e-05,0.0
0.6063914354797054,-3.253401882830076e-05,0.0
0.6072122600201993,5.143286762177013e-05,0.0
0.6078389240039112,6.687661516480148e-05,0.0
0.6084886571382214,0.00011042063306376804,0.0
0.6090044051060884,0.0009788509923964739,0.0
0.6094096972905418,-0.00021078326972201467,0.0
0.6100456234519253,0.0007511012954637408,0.0
0.61072417864222,7.560200174339116e-05,0.0
0.6110931124646329,-0.00017426440172130242,0.0
0.6116103274233735,0.0001588113809702918,0.0
0.6122557171141172,-0.00019066585809923708,0.0
0.6129825967096554,2.323510148016794e-05,0.0
0.6136033352008194,-7.774058758514002e-05,0.0
0.6144692625195407,-0.00019814794359263033,0.0
0.6152189523849351,-0.00035826576640829444,0.0
0.6156263731443812,6.032469173078425e-05,0.0
0.6160210224538701,0.00020086773292860016,0.0
0.6166863171972499,-0.00014088816533330828,0.0
0.6173167205694626,-0.00011762242502300069,0.0
0.6176942837499547,9.588751345290802e-05,0.0
0.618041529119062,-0.00012095285637769848,0.0
0.6184096000056669,-0.0002792825107462704,0.0
0.6189068811472445,-2.2338528651744127e-05,0.0
0.6195177821701983,-0.0003540047910064459,0.0
0.6201450789735026,-5.433397745946422e-05,0.0
0.620654038513014,-8.921930566430092e-05,0.0
0.6210926975487069,-0.0001369755937048467,0.0
0.6217221804560579,-2.998418676725123e-05,0.0
0.6222366627847401,-3.791543349507265e-05,0.0
0.6224224816287123,0.00010119778016814962,0.0
0.6230630388789316,-0.00016496763328177622,0.0
0.6233586519221982,-0.00023218237038236111,0.0
0.6239300304851492,0.000511694815941155,0.0
0.6246116347152986,-6.549434328917414e-05,0.0
0.6249955548562425,-0.00015393936837426736,0.0
0.6254926921751853,-0.00023875903571024537,0.0
0.6261412171993644,-0.00037385107134468853,0.0
0.6268039518998474,0.00017321246559731662,0.0
0.6269333347419815,-9.430108912056312e-05,0.0
0.6274901872188325,-1.4672568795504048e-05,0.0
0.6278248049606172,-2.1393389033619314e-06,0.0
0.6283559131858653,-0.00021439470583572984,0.0
0.6291165335714932,-0.000411329441703856,0.0
0.6296691288983586,-0.00012420177517924458,0.0
0.630063145388255,0.0002435218048049137,0.0
0.6305741184446516,-0.00029738241573795676,0.0
0.6311983662081012,-0.0002916394150815904,0.0
0.6316071389003131,0.0001735012119752355,0.0
0.6319321492901029,-3.030879634025041e-05,0.0
0.6327958329757235,-1.4722338903538912e-07,0.0
0.6334005208608603,-0.00012008369230898097,0.0
0.6340388057134521,9.59740464168135e-06,0.0
0.6345511594671414,-5.893565685255453e-06,0.0
0.6349731926062683,8.671579416841269e-05,0.0
0.6356060121987432,-6.877826672280207e-05,0.0
0.6362551700425149,-2.0125682567595504e-05,0.0
0.636634833033473,-4.8029247409431264e-05,0.0
0.6371726433934959,6.485408016487781e-05,0.0
0.637814955279858,0.0003521032922435552,0.0
0.6385199738349289,-6.254943036765326e-05,0.0
0.6391611926692676,0.00014945688235457055,0.0
0.6400271199879889,2.244241113658063e-05,0.0
0.6407348999376452,3.414476009311329e-05,0.0
0.6410207042772285,-0.00017246385687030852,0.0
0.641581497494269,3.895130726050411e-05,0.0
0.6422431966717823,-6.88545114826411e-05,0.0
0.6431489916248294,0.0002649927046149969,0.0
0.6435972004834634,4.4985616113990545e-05,0.0
0.6439582528254972,0.0001710521028144285,0.0
0.6444623223954304,-0.0001781751780072227,0.0
0.6450802994920092,-0.0002470940526109189,0.0
0.6455869003403123,-0.00010211502376478165,0.0
0.6460183682442725,-4.117091066291323e-05,0.0
0.6466854176237951,-0.0001603721611900255,0.0
0.6472836047258455,3.9871396438684314e-05,0.0
0.6477621313958642,0.0005972457001917064,0.0
0.6479901765653707,-8.174678077921271e-05,0.0
0.6486227660416302,0.00012145787559347809,0.0
0.648911676950122,-0.0003000322903972119,0.0
0.6494900165285902,-9.721287642605603e-05,0.0
0.6501674786668616,3.21541701850947e-05,0.0
0.65053701654434,-0.00018737976643024012,0.0
0.6510548355581461,-4.499957140069455e-05,0.0
0.6517002827779437,0.0003436254628468305,0.0
0.6524258967342971,0.00012782872954630875,0.0
0.6530478721001192,6.140345067251474e-05,0.0
0.6539135980671519,-0.0006203048978932202,0.0
0.6546630290518038,0.00015096535253178445,0.0
0.6552116836384796,0.000290090189082548,0.0
0.6556126611438933,-0.00016867626982275397,0.0
0.6561307678029686,-4.7551238822052255e-05,0.0
0.6567616314076123,-0.0002764746895991266,0.0
0.6571379577134464,5.636588502966333e-05,0.0
0.6574860660183616,1.4565062883775681e-05,0.0
0.6578535903789549,-4.744312900584191e-05,0.0
0.6583511016367479,0.00047071839799173176,0.0
0.658962693008348,8.115754462778568e-05,0.0
0.6595894145211136,-6.0971906350459903e-05,0.0
0.6600981439444097,-0.00033800798701122403,0.0
0.6605373782706412,6.784298420825507e-05,0.0
0.6611670337651537,-0.00013535298057831824,0.0
0.6617335511230535,0.0003468729119049385,0.0
0.6619376929706806,8.402996172662824e-05,0.0
0.662507633307285,-0.0002956015960080549,0.0
0.6633745961489758,0.0002926789748016745,0.0
0.6640684253030708,4.656950477510691e-05,0.0
0.6645983541827146,0.00014119005936663598,0.0
0.6649373728971196,-0.00010352003300795332,0.0
0.6655860129794064,0.0003701774694491178,0.0
0.6662789216686397,0.00013329711237020092,0.0
0.6664669553811855,0.00024708187265787274,0.0
0.6670156674969151,-5.077194145997055e-05,0.0
0.6686771641014851,6.953292177058756e-05,0.0
0.6691533608448226,0.00017932487753569148,0.0
0.6695073658777584,0.00044296859414316714,0.0
0.6700185690503705,-1.0101972293341532e-05,0.0
0.6706432770462509,-6.500056042568758e-05,0.0
0.6710508128638049,0.00012169303590781055,0.0
0.6713760246052831,5.680172034772113e-05,0.0
0.6722402835814424,7.407719385810196e-05,0.0
0.6730666884401608,0.0001417241946910508,0.0
0.6735580440891907,9.870399662759155e-05,0.0
0.673995264898537,-0.00012559611059259623,0.0
0.6744180459153641,0.00011929731408599764,0.0
0.6750508655078391,8.366605470655486e-05,0.0
0.6756988727705335,7.043022196739912e-05,0.0
0.6760788521712877,1.7711332475300878e-05,0.0
0.6766175254671187,-0.00023280271125258878,0.0
0.6772597510599,0.00017172422667499632,0.0
0.6779641367953784,-3.595152338675689e-05,0.0
0.6786058158621481,-0.00029257097048684955,0.0
0.6794718582389769,-0.0006529329693876207,0.0
0.6802292282330618,5.4972882935544476e-05,0.0
0.6806095528081393,2.119984128512442e-05,0.0
0.6810261206871493,7.746168921585195e-05,0.0
0.6816874746903395,7.341177843045443e-05,0.0
0.6823249541361773,0.0005713411956094205,0.0
0.6826690066427952,0.00016153902834048495,0.0
0.6830417661472898,-0.00012196598618174903,0.0
0.6834024733150006,-0.00039250976988114417,0.0
0.6839070031173647,5.518233228940517e-05,0.0
0.6845250377429973,3.9791934796085116e-06,0.0
0.6851403397385716,-4.626000009011477e-05,0.0
0.6856457612412705,-0.00020596175454556942,0.0
0.68612981070046,-9.079578012460843e-05,0.0
0.6867280553315642,0.0002042694977717474,0.0
0.68726218383214,-0.00017624572501517832,0.0
0.6874909481148198,-0.00010884655057452619,0.0
0.6880674467635646,6.6441556555219e-05,0.0
0.6883562426139485,0.00018531056412030011,0.0
0.688934869837686,-0.00019059776968788356,0.0
0.6896170205938472,7.542699677287601e-05,0.0
0.6901434402012055,-0.00013315907563082874,0.0
0.6904996313381881,5.38771491847001e-05,0.0
0.6911446758546087,0.0002178352151531726,0.0
0.6918232310449034,-0.0001154095443780534,0.0
0.6920000465919462,0.0003907738282578066,0.0
0.6924923802348918,0.00017385336104780436,0.0
0.6933581062019245,-0.0004376090655568987,0.0
0.6941071344831995,-0.0002996657567564398,0.0
0.6945138936585262,-6.627231960010249e-05,0.0
0.6950570542205582,8.497310045640916e-05,0.0
0.6955751033505798,5.794566823169589e-05,0.0
0.6962061970714389,-3.7683257687604055e-06,0.0
0.6965814590897765,-0.00011285019718343392,0.0
0.6969436620128877,-4.7433793952222914e-05,0.0
0.6977955522424667,7.006786472629756e-05,0.0
0.6988138740248667,-0.00030661316122859716,0.0
0.6991264869035493,-0.00036814415943808854,0.0
0.6995424794920208,-0.0002418853109702468,0.0
0.6999820589925755,0.0003178136394126341,0.0
0.7006114843708726,-0.00042749010026454926,0.0
0.7012304969904208,-0.00022625042765866965,0.0
0.7016210329725587,9.240079452865757e-05,0.0
0.7021804454923065,6.902228051330894e-06,0.0
0.7028192193418562,-0.0002028456947300583,0.0
0.7035125882635203,0.00017013043543556705,0.0
0.7041639897403924,-0.00012159083053120412,0.0
0.7044785298423795,4.616814840119332e-05,0.0
0.7050303485270176,0.00029790139524266124,0.0
0.7057521080367622,0.00012589349353220314,0.0
0.7060006910784972,-1.2746061656798702e-05,0.0
0.7065869984309252,3.1425901397597045e-05,0.0
0.7072449869844645,0.00029265120974741876,0.0
0.708120349068019,1.4004590411786921e-06,0.0
0.7085977251569606,-0.00010222625496680848,0.0
0.7089515288382079,-0.00027757015777751803,0.0
0.7094630771851431,-5.0330389058217406e-05,0.0
0.7100877851810237,-0.00023971556220203638,0.0
0.710691840246568,-0.00021128531807335094,0.0
0.7111936086543468,-5.680926551576704e-05,0.0
0.7116846766581073,1.487875579186948e-05,0.0
0.7122898823047288,-4.056038960698061e-06,0.0
0.7127913343027115,0.00025467704836046323,0.0
0.7130448360785515,0.00013985125406179577,0.0
0.7136275478651132,0.00018710287258727476,0.0
0.7139099004614647,5.4192947573028505e-05,0.0
0.714495316113558,-2.5191497115883976e-05,0.0
0.7151424029113905,-6.188449930277784e-08,0.0
0.7155226699574142,-4.9797468818724155e-05,0.0
0.7160622637181068,0.00018681855488011934,0.0
0.7167041441365649,-0.00014645028568338603,0.0
0.7173553154972216,-0.0006629296694882214,0.0
0.7174367191084354,-2.1735245354648214e-06,0.0
0.71805023770334,0.00017767715326044708,0.0
0.7189164239028035,-0.0003529720415826887,0.0
0.7196724131995956,-0.00029641034780070186,0.0
0.720198458868104,1.414461075910367e-05,0.0
0.7206069726795735,0.0001324424083577469,0.0
0.7211321554122738,-4.523082316154614e-05,0.0
0.721769864974327,7.100835500750691e-05,0.0
0.722112594312706,-1.817631346057169e-05,0.0
0.722513485524539,-0.00013647694140672684,0.0
0.7233514537230835,0.00012896620319224894,0.0
0.7241551058409998,-0.00015016849738458404,0.0
0.7246953324212849,-0.0002551280485931784,0.0
0.7250896940855046,4.452607026905753e-05,0.0
0.725574203777125,3.280186137999408e-05,0.0
0.7261729086406601,0.00035284541081637144,0.0
0.7267056852084701,-7.493015800719149e-06,0.0
0.726990856728461,0.0001434015721315518,0.0
0.7277439120435062,-7.161602843552828e-05,0.0
0.7283794355015126,8.33000594866462e-05,0.0
0.7290614136705121,9.300321926275501e-05,0.0
0.7297227964382293,-6.508102524094284e-05,0.0
0.7300303467601721,-0.0002159488940378651,0.0
0.7305894141055969,-0.0002830280573107302,0.0
0.7312671063600836,-3.0363805308297742e-05,0.0
0.7316895134380607,2.942215360235423e-06,0.0
0.7320322427764397,-1.9740764400921762e-05,0.0
0.7328028444529127,6.401251448551193e-05,0.0
0.7336489817771056,0.00010682074207579717,0.0
0.7341542882216968,-0.0002969318302348256,0.0
0.7345011021229,0.0002563558518886566,0.0
0.7350197265434602,3.613235094235279e-05,0.0
0.7356511079095887,-0.0001445914531359449,0.0
0.7360986264195761,-7.381730392808095e-05,0.0
0.7365652733399726,-1.695549872238189e-05,0.0
0.7372401754353471,5.5455417168559507e-05,0.0
0.7378520544522166,-9.732219041325152e-06,0.0
0.7382573466366699,-7.432942948071286e-05,0.0
0.7385712251545374,-2.1950891095912084e-05,0.0
0.7389864123362548,0.00011675685527734458,0.0
0.7394269985952521,6.105737793404842e-05,0.0
0.7400563376799685,0.00035918832872994244,0.0
0.7406741997184395,0.0001481030776631087,0.0
0.7410651671684814,5.814870382891968e-05,0.0
0.7416253563304562,2.5872403057292104e-05,0.0
0.7422637850056827,-0.00024062226293608546,0.0
0.7429566361658619,-0.00016605355631327257,0.0
0.7436086129332729,3.021435986738652e-05,0.0
0.7439226352737751,0.0002069612528430298,0.0
0.7444749141908441,-4.9723439587978646e-05,0.0
0.7451952354742423,-0.00018221118079964072,0.0
0.7455931351752744,-2.860242238966748e-05,0.0
0.7460315640947518,2.8684888093266636e-05,0.0
0.7466894951192372,0.00011038158845622092,0.0
0.7473338205224844,-2.498795993233216e-06,0.0
0.7476440747099588,5.092666106065735e-05,0.0
0.7480422908207871,-0.0002277925013913773,0.0
0.7483957493277114,-0.00014928857854101807,0.0
0.748907527790862,-0.00010568034485913813,0.0
0.7495325234320118,0.00021328849834389985,0.0
0.7498673425254849,0.0001616548397578299,0.0
